[2026-03-23 11:12:16] uuid=3f6d17a2-c857-4f0c-b98c-0c285a17c360 | status=success | template=get_factures_non_payees | rows=41 | duration=1090.32ms | question=factures non payees
[2026-03-23 11:12:16] uuid=255b643d-bcbc-416d-9d18-ef7e3aadd898 | status=success | template=get_produits_stock_faible | rows=48 | duration=331.68ms | question=produits avec stock inferieur a 5
[2026-03-23 11:42:30] uuid=2c3f105e-33a6-4ff9-90dd-6915f80b4bd7 | status=success | template=get_factures_between | rows=99 | duration=926.76ms | question=donne moi les factures entre 2026-02-01 et 2026-02-28
[2026-03-23 11:42:30] uuid=cac88a06-daf7-4385-84f6-4720e79689d8 | status=success | template=get_factures_between | rows=100 | duration=247.57ms | question=factures du 2026-01-01 au 2026-01-31
[2026-03-23 11:42:30] uuid=ad796e09-c220-4076-a5c0-9396a6770311 | status=success | template=get_factures_between | rows=100 | duration=208.08ms | question=liste des factures entre 2026-01-15 et 2026-03-15
[2026-03-23 11:42:30] uuid=78d01841-62a2-46f0-b0ba-c1d17847b903 | status=success | template=get_factures_par_client | rows=4 | duration=196.46ms | question=factures du client mondher
[2026-03-23 11:42:31] uuid=369d8217-9949-48a5-9868-90cac9f4017e | status=success | template=get_factures_par_client | rows=0 | duration=278.45ms | question=affiche les factures pour le client alpha
[2026-03-23 11:42:31] uuid=d2c256ca-604a-47e6-890f-607f81e899c9 | status=success | template=get_factures_non_payees | rows=41 | duration=308.49ms | question=factures non payees
[2026-03-23 11:42:31] uuid=60096f23-cb2f-41ad-bbde-bc2fa58231f0 | status=success | template=get_factures_non_payees | rows=41 | duration=215.11ms | question=affiche les factures impayees
[2026-03-23 11:42:31] uuid=40acadcf-fea7-45ea-8a68-2c34e1a56b66 | status=success | template=get_factures_non_payees | rows=41 | duration=292.68ms | question=quelles factures n ont pas ete reglees
[2026-03-23 11:42:32] uuid=c89f11ca-15cb-443d-b47b-611e559cca3e | status=success | template=get_factures_partiellement_payees | rows=6 | duration=291.14ms | question=factures partiellement payees
[2026-03-23 11:42:32] uuid=a4b35fef-0e56-4a5d-8a95-21527722a3b7 | status=success | template=get_factures_partiellement_payees | rows=6 | duration=238.73ms | question=factures avec paiement partiel
[2026-03-23 11:42:32] uuid=1e0b4d67-a952-4df1-818a-330bc554ce98 | status=success | template=get_factures_negatives | rows=30 | duration=250.38ms | question=factures negatives
[2026-03-23 11:42:32] uuid=159cafe6-2c6f-4ff5-aeee-5b014f033d12 | status=success | template=get_factures_negatives | rows=30 | duration=229.15ms | question=affiche les avoirs
[2026-03-23 11:42:33] uuid=889ce921-4e4f-43e3-be42-a45dd447585c | status=success | template=get_clients_multiple_commandes | rows=2 | duration=202.37ms | question=clients avec plus de 2 commandes
[2026-03-23 11:42:33] uuid=431cf1ab-e6d8-4f11-8507-65a68a9e3dc1 | status=success | template=get_clients_multiple_commandes | rows=2 | duration=264.61ms | question=quels clients ont passe plus de 5 commandes
[2026-03-23 11:42:33] uuid=15eaf023-9433-429f-a9b4-99c7d56486c8 | status=success | template=get_clients_multiple_commandes | rows=2 | duration=246.97ms | question=liste des clients avec plusieurs commandes
[2026-03-23 11:42:33] uuid=67e54178-5670-4f54-be97-8ceac8a0a7d2 | status=success | template=get_produits_stock_faible | rows=48 | duration=244.49ms | question=produits avec stock inferieur a 5
[2026-03-23 11:42:34] uuid=02c63e2a-f63d-4c87-8f12-4690429812ae | status=success | template=get_produits_stock_faible | rows=48 | duration=247.2ms | question=quels produits ont un stock faible
[2026-03-23 11:42:34] uuid=00bf259e-23a9-4235-8ce9-c65777fd7bc6 | status=success | template=get_total_ventes_mois | rows=1 | duration=239.09ms | question=chiffre d affaires de janvier 2026
[2026-03-23 11:42:34] uuid=3ccf10d0-6a4e-435b-ba56-f48e68ef4ad2 | status=success | template=get_total_ventes_mois | rows=1 | duration=297.06ms | question=total des ventes pour fevrier 2026
[2026-03-23 11:42:34] uuid=67ab9ef5-4ddf-477c-b5cd-fe9ce49cee6e | status=success | template=get_total_ventes_mois | rows=1 | duration=263.5ms | question=CA du mois de mars 2026
[2026-03-23 11:42:35] uuid=77079cbc-4cea-4fd7-a711-c9a58def485f | status=success | template=get_factures_non_payees | rows=41 | duration=222.08ms | question=combien de factures non payees y a t il
[2026-03-23 11:42:35] uuid=2f135dd4-14a5-4a5c-a1c5-550e3c864e3c | status=success | template=get_factures_non_payees | rows=41 | duration=227.38ms | question=montant restant des factures non reglees
[2026-03-23 11:42:35] uuid=2d983c8e-a88c-4c34-b37a-b54ddeaa3ced | status=success | template=get_produits_stock_faible | rows=48 | duration=263.04ms | question=produits en rupture de stock
[2026-03-23 11:42:35] uuid=8b55cfc5-925e-4b3f-96a7-646c7844bb17 | status=success | template=get_produits_stock_faible | rows=50 | duration=227.05ms | question=produits dont le stock est inferieur a 10
[2026-03-23 11:42:36] uuid=f707a553-37ff-407e-ac1d-63fa5842ecd2 | status=success | template=get_clients_multiple_commandes | rows=2 | duration=184.79ms | question=clients fideles avec plus de 3 commandes
[2026-03-23 11:42:36] uuid=11a1dc05-60ad-4cf0-8c5f-dc701be2f61b | status=success | template=get_clients_multiple_commandes | rows=2 | duration=210.08ms | question=quels sont les meilleurs clients en termes de commandes
[2026-03-23 11:42:36] uuid=e6d7cfc3-02ca-4754-a258-39ed5c694595 | status=success | template=get_factures_negatives | rows=30 | duration=210.69ms | question=factures avec avoir
[2026-03-23 11:42:36] uuid=17fbeca7-52c4-470b-98ee-34d6f1fe5fc0 | status=success | template=get_total_ventes_mois | rows=1 | duration=198.6ms | question=revenus du mois de decembre 2025
[2026-03-23 11:42:36] uuid=a6689310-59c6-474e-bd5b-178d3b82e0a5 | status=success | template=get_total_ventes_mois | rows=0 | duration=192.57ms | question=ca de novembre 2025
[2026-03-23 11:42:37] uuid=81399de9-46b7-4b32-b8e9-d44e32896dcb | status=success | template=get_factures_partiellement_payees | rows=6 | duration=270.24ms | question=factures en cours de paiement
[2026-03-23 12:20:59] uuid=98addc3d-d6ae-4bbb-a46b-9ac7a15272a5 | status=success | template=get_factures_non_payees | rows=41 | duration=1051.06ms | question=Factures non payées
[2026-03-23 12:35:52] uuid=fbf2ab65-e27c-4aa7-a99e-d77be1da18f5 | status=error | template=get_factures_par_client | rows=0 | duration=8.15ms | question=facture du client passager
[2026-03-23 12:36:15] uuid=40a81ec3-9d80-45aa-be80-fd28ef795e8a | status=error | template=get_factures_par_client | rows=0 | duration=3.75ms | question=facture du client mondher
[2026-03-23 12:36:22] uuid=9a4254f5-25ed-4a32-8707-c31d12293e18 | status=error | template=get_clients_multiple_commandes | rows=0 | duration=3.75ms | question=Clients avec plus de 2 commandes
[2026-03-23 12:37:07] uuid=bd32f600-478c-4bf3-b374-f1095c21c984 | status=success | template=get_produits_stock_faible | rows=48 | duration=1558.03ms | question=Produits avec stock inférieur à 5
[2026-03-23 12:37:32] uuid=f4b9b2e4-32d4-427c-913c-9cc2babd6649 | status=success | template=get_factures_par_client | rows=0 | duration=712.02ms | question=facture du client passager
[2026-03-23 12:37:38] uuid=ffc639a9-c27e-442e-818d-ae43cf3f7c7c | status=success | template=get_total_ventes_mois | rows=1 | duration=295.89ms | question=Chiffre d'affaires de janvier 2026
[2026-03-23 12:37:43] uuid=9d7093d5-0fd9-4660-ab34-83523c5e9861 | status=success | template=get_factures_non_payees | rows=41 | duration=504.39ms | question=Factures non payées
[2026-03-23 12:38:00] uuid=2b031d77-75c1-4efa-932b-dc11c1d18b58 | status=success | template=get_factures_par_client | rows=4 | duration=360.87ms | question=facture de=u client mondher
[2026-03-23 12:39:07] uuid=6afdf8b6-8177-4e47-b819-99296d45ab3c | status=success | template=get_factures_par_client | rows=100 | duration=217.58ms | question=facture du client client passager
[2026-03-24 10:36:31] uuid=f2c8cb7e-74e9-4e30-a84b-660d24292f37 | status=success | template=get_total_ventes_mois | rows=0 | duration=3231.62ms | question=Donne-moi le montant total des paiements par client pour les 3 derniers mois
[2026-03-24 10:48:58] uuid=d86da53e-3a73-4ed1-8089-03fb44658f79 | status=success | template=get_total_ventes_mois | rows=0 | duration=2520.65ms | question=Donne-moi le montant total des paiements par client pour les 3 derniers moi
[2026-03-24 11:07:29] uuid=6aa7f7b4-1844-40ff-91c2-d51f3c1e920c | status=success | template=get_total_paiements | rows=7 | duration=2855.01ms | question=Donne-moi le montant total des paiements par client pour les 3 derniers mois
[2026-03-24 11:42:35] uuid=de4d3c26-7414-435d-97ca-2604bdf73645 | status=success | template=get_total_paiements | rows=7 | duration=3126.99ms | question=Donne-moi le montant total des paiements par client pour les 3 derniers mois
[2026-03-24 11:44:19] uuid=dcbbfac1-f9fe-43b0-9faa-484ef977383d | status=success | template=get_factures_non_payees | rows=41 | duration=910.59ms | question=factures non payees
[2026-03-24 11:55:27] uuid=0d20e7f5-e750-42bd-9b26-975eaff0ea19 | status=success | template=get_factures_non_payees | rows=41 | duration=2462.28ms | question=factures non payees
[2026-03-24 11:55:28] uuid=7eef1c84-667b-4fcb-9de8-e342374c17f5 | status=success | template=get_factures_partiellement_payees | rows=6 | duration=287.95ms | question=factures partiellement payees
[2026-03-24 11:55:28] uuid=bf1d8115-bcdd-4f43-a3e5-ea7193103c75 | status=success | template=get_factures_negatives | rows=30 | duration=451.46ms | question=affiche les avoirs
[2026-03-24 11:55:29] uuid=3db6d9bc-edd1-450b-90da-2e5885f054eb | status=success | template=get_produits_stock_faible | rows=51 | duration=498.39ms | question=produits en rupture de stock
[2026-03-24 11:55:29] uuid=a014a383-2f31-46b9-bdd6-23ae2ae7909b | status=success | template=get_clients_multiple_commandes | rows=2 | duration=368.84ms | question=clients fideles avec plus de 3 commandes
[2026-03-24 11:55:29] uuid=fe8613f9-e367-4b66-b64a-a7371013e677 | status=success | template=get_factures_between | rows=100 | duration=363.13ms | question=factures entre 2026-01-01 et 2026-01-31
[2026-03-24 11:55:30] uuid=5db75553-79ed-4030-8dc2-52dd991de2fa | status=success | template=get_total_ventes_mois | rows=1 | duration=285.5ms | question=chiffre d affaires de janvier 2026
[2026-03-24 11:55:30] uuid=5b66d19d-2cb6-49cb-9283-1bb90406d62c | status=success | template=get_total_ventes_mois | rows=1 | duration=430.27ms | question=total des ventes pour fevrier 2026
[2026-03-24 11:55:32] uuid=2a716c10-0d4c-4c6d-8a9a-b0332652593d | status=success | template=get_total_ventes_mois | rows=1 | duration=1493.94ms | question=ca du mois de mars 2026
[2026-03-24 11:55:32] uuid=6975c634-6339-4e6e-a97b-634a0837f4b2 | status=success | template=get_factures_between | rows=99 | duration=545.77ms | question=factures entre 2026-02-01 et 2026-02-28
[2026-03-24 11:55:33] uuid=9216a633-2233-4a1f-9889-bd89195240bb | status=success | template=get_factures_non_payees | rows=41 | duration=625.06ms | question=factures non payees
[2026-03-24 11:55:33] uuid=a22a525b-acf3-44ea-a854-711df7e22313 | status=success | template=get_produits_stock_faible | rows=51 | duration=366.48ms | question=produits en rupture de stock
[2026-03-24 11:55:34] uuid=ad0d650e-3142-4755-9f0a-ed14563cb91c | status=success | template=get_clients_multiple_commandes | rows=2 | duration=273.51ms | question=clients fideles avec plus de 3 commandes
[2026-03-24 12:25:23] uuid=427235fb-5f24-4ef3-819a-d7f13583bb89 | status=success | template=get_total_ventes_mois | rows=0 | duration=3957.13ms | question=total ventes 10/2025 2026
[2026-03-24 12:25:27] uuid=90c06c51-071a-4fa0-9b32-6534f6a6e3a4 | status=success | template=get_total_ventes_mois | rows=0 | duration=1847.87ms | question=total ventes 11/2025 2026
[2026-03-24 12:25:31] uuid=b120f8a3-efc1-428f-b638-803bcad4337c | status=success | template=get_total_ventes_mois | rows=1 | duration=1896.38ms | question=total ventes 12/2025 2026
[2026-03-24 12:25:35] uuid=7817511a-72d1-4e48-a708-6e6eb94c61b6 | status=success | template=get_total_ventes_mois | rows=1 | duration=1734.81ms | question=total ventes 01/2026 2026
[2026-03-24 12:25:39] uuid=880278cf-1119-427e-964d-4f5cb23c597a | status=success | template=get_total_ventes_mois | rows=1 | duration=1741.23ms | question=total ventes 02/2026 2026
[2026-03-24 12:25:43] uuid=64f645c5-dbaf-4e15-addc-4efa093e8c5c | status=success | template=get_total_ventes_mois | rows=1 | duration=2422.74ms | question=total ventes 03/2026 2026
[2026-03-24 12:26:32] uuid=d1f687c0-82c7-4d55-9186-5a95e351c67e | status=success | template=get_produits_stock_faible | rows=52 | duration=210.03ms | question=produits stock inférieur à 10
[2026-03-24 12:26:41] uuid=1bd577a5-830b-4891-b661-a7c41286b980 | status=success | template=get_clients_multiple_commandes | rows=2 | duration=301.2ms | question=clients avec plus de 2 commandes
[2026-03-24 12:31:51] uuid=dd5eb366-9e2c-4552-9139-06f70c5601de | status=success | template=get_total_ventes_mois | rows=0 | duration=7656.3ms | question=total ventes 10/2025 2026
[2026-03-24 12:32:00] uuid=03a9d594-514f-4e5a-92df-35c3ad2aae95 | status=success | template=get_total_ventes_mois | rows=0 | duration=7446.7ms | question=total ventes 11/2025 2026
[2026-03-24 12:32:04] uuid=695e15b6-6982-4413-830b-d2b2cb48535a | status=success | template=get_total_ventes_mois | rows=1 | duration=1745.89ms | question=total ventes 12/2025 2026
[2026-03-24 12:32:13] uuid=175e825e-858e-4080-8898-9eed1e2f007d | status=success | template=get_total_ventes_mois | rows=1 | duration=7337.63ms | question=total ventes 01/2026 2026
[2026-03-24 12:32:19] uuid=568783bd-153d-489b-87a2-7ec0bb28244d | status=success | template=get_total_ventes_mois | rows=1 | duration=3999.22ms | question=total ventes 02/2026 2026
[2026-03-24 12:32:29] uuid=bc52f583-0e5f-4cd2-86f6-107ed05f925f | status=success | template=get_total_ventes_mois | rows=1 | duration=7212.93ms | question=total ventes 03/2026 2026
[2026-03-24 12:58:26] uuid=c3cb686e-6db2-4c1c-a9c2-7c8d994c4158 | status=success | template=get_factures_non_payees | rows=42 | duration=798.44ms | question=Factures non payées
[2026-03-24 12:59:07] uuid=8499c301-48f4-4af5-8e8b-d01ac8495f4f | status=success | template=get_produits_stock_faible | rows=51 | duration=250.05ms | question=Produits avec stock inférieur à 5
[2026-03-24 13:25:48] uuid=5438f6c5-3a91-4b07-ae29-3e101ad2939b | status=success | template=get_factures_non_payees | rows=41 | duration=778.85ms | question=Factures non payées
[2026-03-24 13:26:03] uuid=70844a41-f352-4b59-a659-6ea7dc5233ef | status=success | template=get_factures_between | rows=100 | duration=341.99ms | question=Factures entre 2026-01-01 et 2026-02-28
[2026-03-24 13:26:26] uuid=67ede93f-b61c-4bc8-9bd4-e444218b4c50 | status=success | template=get_clients_multiple_commandes | rows=2 | duration=245.17ms | question=Clients avec plus de 2 commandes
[2026-03-24 13:26:31] uuid=e111f281-76f6-457e-9af6-01b02ec85345 | status=success | template=get_produits_stock_faible | rows=51 | duration=195.38ms | question=Produits avec stock inférieur à 5
[2026-03-24 13:26:46] uuid=dad12b5a-d157-4db6-9de4-5885f4361d67 | status=success | template=get_total_ventes_mois | rows=1 | duration=190.02ms | question=Chiffre d'affaires de janvier 2026
[2026-03-24 13:27:14] uuid=90d0b2a2-d851-4975-bdbc-32516ed6d2dc | status=success | template=get_total_ventes_mois | rows=0 | duration=319.79ms | question=CA de avril 2026
[2026-03-24 13:27:36] uuid=95c7ec6d-1ccb-4176-888b-5c37cf8ee5fa | status=success | template=get_total_ventes_mois | rows=1 | duration=211.28ms | question=CA de décembre 2025
[2026-03-24 13:28:37] uuid=0da19104-9bda-4b1a-819e-fafe03cf47b1 | status=success | template=get_produits_stock_faible | rows=52 | duration=262.03ms | question=produits stock inférieur à 10
[2026-03-24 13:28:59] uuid=3399c9db-3023-4521-abad-320721c5d078 | status=success | template=get_total_ventes_mois | rows=0 | duration=1763.25ms | question=total ventes 10/2025 2026
[2026-03-24 13:28:59] uuid=ddd4dcfc-9549-48a1-9ccd-015c5d6cb583 | status=success | template=get_total_ventes_mois | rows=0 | duration=1813.1ms | question=total ventes 10/2025 2026
[2026-03-24 13:29:03] uuid=86502f60-806a-4fa2-9d5e-59496e152708 | status=success | template=get_total_ventes_mois | rows=0 | duration=1752.26ms | question=total ventes 11/2025 2026
[2026-03-24 13:29:03] uuid=20fe01e8-14fb-425b-9d7d-250780c81b1d | status=success | template=get_total_ventes_mois | rows=0 | duration=1704.48ms | question=total ventes 11/2025 2026
[2026-03-24 13:29:07] uuid=16ac2615-3e7c-4bcc-89fb-b3fc8cbeb456 | status=success | template=get_total_ventes_mois | rows=1 | duration=1934.7ms | question=total ventes 12/2025 2026
[2026-03-24 13:29:07] uuid=f7df9020-5e8e-4edc-8057-dc2220568133 | status=success | template=get_total_ventes_mois | rows=1 | duration=2174.21ms | question=total ventes 12/2025 2026
[2026-03-24 13:29:10] uuid=0293e591-771f-4b84-a119-14d9f12210a8 | status=success | template=get_total_ventes_mois | rows=1 | duration=1696.89ms | question=total ventes 01/2026 2026
[2026-03-24 13:29:11] uuid=a67f8c37-4591-41c9-97e1-6b0daebc3d9d | status=success | template=get_total_ventes_mois | rows=1 | duration=1758.07ms | question=total ventes 01/2026 2026
[2026-03-24 13:29:14] uuid=01f1b52a-b29b-446a-98be-91bd215321bc | status=success | template=get_total_ventes_mois | rows=1 | duration=1612.79ms | question=total ventes 02/2026 2026
[2026-03-24 13:29:15] uuid=9d2696ef-fd0e-4733-8f6d-6bfffefbe981 | status=success | template=get_total_ventes_mois | rows=1 | duration=1692.12ms | question=total ventes 02/2026 2026
[2026-03-24 13:29:18] uuid=753093ef-6afd-4139-aa2e-a6b81f4948db | status=success | template=get_total_ventes_mois | rows=1 | duration=1822.46ms | question=total ventes 03/2026 2026
[2026-03-24 13:29:19] uuid=9c4ec41d-6d9b-4bb6-bace-2a25b1ac5047 | status=success | template=get_total_ventes_mois | rows=1 | duration=1673.4ms | question=total ventes 03/2026 2026
[2026-03-24 14:52:42] uuid=b15876df-21f1-4cf9-a439-e972e5ec8b9d | status=success | template=get_factures_non_payees | rows=42 | duration=1145.41ms | question=Factures non payées
[2026-03-24 15:00:54] uuid=ae0bac9e-9798-4b6d-8af0-8dcb6b5f83b2 | status=success | template=get_total_paiements | rows=7 | duration=2002.75ms | question=Donne-moi le montant total des paiements par client pour les 3 derniers mois
[2026-03-25 08:39:10] uuid=1497144e-3dc0-47fd-8214-99e9a20ffb96 | status=success | template=get_total_ventes_mois | rows=0 | duration=183.69ms | question=donne moi le CA janvier 2025
[2026-03-25 08:39:20] uuid=d7e5ed61-c398-47b6-b761-36ef979ed78c | status=success | template=get_total_ventes_mois | rows=1 | duration=181.8ms | question=Chiffre d'affaires de janvier 2026
[2026-03-25 08:42:42] uuid=446e1648-9a13-4830-9d5e-9b4b0d86a517 | status=success | template=get_total_ventes_mois | rows=0 | duration=2272.61ms | question=total ventes 10/2025 2026
[2026-03-25 08:42:46] uuid=8328b969-5b99-4917-b60d-c44911660f5e | status=success | template=get_total_ventes_mois | rows=0 | duration=1663.05ms | question=total ventes 11/2025 2026
[2026-03-25 08:42:49] uuid=f524cbf5-cf76-43fa-bac0-48430f06888e | status=success | template=get_total_ventes_mois | rows=1 | duration=1625.38ms | question=total ventes 12/2025 2026
[2026-03-25 08:42:53] uuid=b4c5707b-a5e5-4f87-bbd6-68ee2767f4c4 | status=success | template=get_total_ventes_mois | rows=1 | duration=1555.11ms | question=total ventes 01/2026 2026
[2026-03-25 08:42:57] uuid=fed864fe-8455-4a62-b914-4455a38de347 | status=success | template=get_total_ventes_mois | rows=1 | duration=1651.05ms | question=total ventes 02/2026 2026
[2026-03-25 08:43:00] uuid=ef1245e3-8bc5-4804-9b6d-c8238863e8ee | status=success | template=get_total_ventes_mois | rows=1 | duration=1696.75ms | question=total ventes 03/2026 2026
[2026-03-25 08:43:31] uuid=7286c45e-6f9b-48b1-a198-365f56b9922c | status=success | template=get_produits_stock_faible | rows=52 | duration=184.25ms | question=produits stock inférieur à 10
[2026-03-25 08:43:40] uuid=34c6ea06-1d4d-4fb4-9233-63e8be8de9d5 | status=success | template=get_clients_multiple_commandes | rows=2 | duration=187.61ms | question=clients avec plus de 2 commandes
[2026-03-25 09:15:22] uuid=cfc5dd08-2708-4bbd-97d8-b8cb68ab3dda | status=success | template=get_produits_stock_faible | rows=52 | duration=728.6ms | question=produits stock inférieur à 10
[2026-03-25 09:15:27] uuid=d014a10f-5ea4-4f93-add9-8bd1f3e6a50d | status=success | template=get_clients_multiple_commandes | rows=2 | duration=197.92ms | question=clients avec plus de 2 commandes
[2026-03-25 09:16:00] uuid=7ec9802f-b6bc-43db-80c5-62de368ca8f6 | status=success | template=get_factures_non_payees | rows=42 | duration=186.65ms | question=Factures non payées
[2026-03-25 09:17:18] uuid=6e06b2ec-ef64-409b-a5ce-9761307da3f5 | status=success | template=get_produits_stock_faible | rows=51 | duration=175.99ms | question=Produits avec stock inférieur à 5
[2026-03-25 09:17:35] uuid=b5786830-b1cd-4440-8416-58865d6942a0 | status=success | template=get_total_ventes_mois | rows=1 | duration=178.38ms | question=Chiffre d'affaires de janvier 2026
[2026-03-25 09:21:57] uuid=0cbec5f7-6cab-4954-a642-bc6a888cc998 | status=success | template=get_total_ventes_mois | rows=0 | duration=744.84ms | question=chiffre d affaires de octobre 2025
[2026-03-25 09:21:59] uuid=2db498f7-1a2f-4b83-93a4-c1cce6f0c454 | status=success | template=get_total_ventes_mois | rows=0 | duration=196.09ms | question=chiffre d affaires de novembre 2025
[2026-03-25 09:22:02] uuid=ce50afbb-c07f-47ff-930d-2985db4ab43e | status=success | template=get_total_ventes_mois | rows=1 | duration=184.11ms | question=chiffre d affaires de décembre 2025
[2026-03-25 09:22:04] uuid=803df370-2336-4e83-8efd-f21fd79ac5f8 | status=success | template=get_total_ventes_mois | rows=1 | duration=181.77ms | question=chiffre d affaires de janvier 2026
[2026-03-25 09:22:06] uuid=a04afd38-da59-49f4-9985-9d82c6d141b9 | status=success | template=get_total_ventes_mois | rows=1 | duration=181.42ms | question=chiffre d affaires de février 2026
[2026-03-25 09:22:08] uuid=85dfd5b7-81b8-425e-a2c8-f671c2eaa9f3 | status=success | template=get_total_ventes_mois | rows=1 | duration=182.49ms | question=chiffre d affaires de mars 2026
[2026-03-25 09:22:39] uuid=88fad6df-96b8-41af-83bf-fdd0df3cb746 | status=success | template=get_produits_stock_faible | rows=52 | duration=182.92ms | question=produits stock inférieur à 10
[2026-03-25 09:22:44] uuid=5475b871-5787-4b92-beec-7dcd4aff2a49 | status=success | template=get_clients_multiple_commandes | rows=2 | duration=181.78ms | question=clients avec plus de 2 commandes
[2026-03-25 09:23:06] uuid=8fcec5fa-4855-4d49-bc20-7d89f5907fad | status=success | template=get_factures_non_payees | rows=42 | duration=184.08ms | question=Factures non payées
[2026-03-25 09:31:27] uuid=a5f9068a-0c9e-49c3-b9e7-5a3423deae62 | status=success | template=get_factures_non_payees | rows=42 | duration=757.18ms | question=Factures non payées
[2026-03-25 09:47:10] uuid=3c4fc803-20c5-4d45-b6a8-294866d66bca | status=success | template=get_factures_non_payees | rows=42 | duration=1688.56ms | question=Factures non payées
[2026-03-25 09:47:19] uuid=63802699-8561-4826-8d68-ac3cb714507b | status=success | template=get_total_ventes_mois | rows=1 | duration=489.46ms | question=Chiffre d'affaires de janvier 2026
[2026-03-25 09:49:11] uuid=8f1555cd-466f-40ea-a9d4-07792b6886e9 | status=success | template=get_factures_non_payees | rows=42 | duration=391.32ms | question=Factures non payées
[2026-03-25 09:50:19] uuid=93e79d2a-20f9-4439-a71c-977a5ded4f6d | status=success | template=get_clients_multiple_commandes | rows=2 | duration=1576.12ms | question=client avec plus de 2 commandes
[2026-03-25 09:57:08] uuid=14e552ab-a725-4a19-b363-965ab6953f28 | status=success | template=get_total_ventes_mois | rows=0 | duration=3788.64ms | question=chiffre d affaires de octobre 2025
[2026-03-25 09:57:11] uuid=2a7a548a-505d-41d3-b13e-cf11a5d63067 | status=success | template=get_total_ventes_mois | rows=0 | duration=1112.67ms | question=chiffre d affaires de novembre 2025
[2026-03-25 09:57:15] uuid=290aba75-d8ec-49c5-97a1-bfb6a5e13c61 | status=success | template=get_total_ventes_mois | rows=1 | duration=2389.2ms | question=chiffre d affaires de décembre 2025
[2026-03-25 09:57:18] uuid=ac48bb6c-7f89-4588-b686-1c02ae97c5a6 | status=success | template=get_total_ventes_mois | rows=1 | duration=490.23ms | question=chiffre d affaires de janvier 2026
[2026-03-25 09:57:20] uuid=f2a42fe2-97df-4889-9a73-bbb4d1cb4501 | status=success | template=get_total_ventes_mois | rows=1 | duration=418.04ms | question=chiffre d affaires de février 2026
[2026-03-25 09:57:23] uuid=18635e8b-8ad9-47fb-b474-bacb4d8ec55f | status=success | template=get_total_ventes_mois | rows=1 | duration=384.02ms | question=chiffre d affaires de mars 2026
[2026-03-25 10:00:13] uuid=59ce676a-aff2-40d6-990f-ebef5c53b6a8 | status=success | template=get_factures_non_payees | rows=42 | duration=3168.1ms | question=Factures non payées
[2026-03-25 10:13:05] uuid=c940bdc1-36c6-4996-9072-2976d9cf05b3 | status=success | template=get_factures_non_payees | rows=42 | duration=1024.96ms | question=Factures non payées
[2026-03-25 10:13:17] uuid=7578b404-7d45-40c8-ab8e-236e14163d12 | status=success | template=get_factures_partiellement_payees | rows=6 | duration=6843.86ms | question=Factures partiellement payées
[2026-03-25 10:14:56] uuid=9c1a20db-5565-4893-84a6-ce3f681463b1 | status=success | template=get_total_ventes_mois | rows=1 | duration=1068.92ms | question=Chiffre d'affaires de janvier 2026
[2026-03-25 10:15:02] uuid=5664df53-0bb2-43a4-ab82-54a122eb8919 | status=success | template=get_factures_between | rows=100 | duration=265.31ms | question=Factures entre 2026-01-01 et 2026-12-31
[2026-03-25 10:17:08] uuid=f24dd448-083e-4ef5-83da-1b21823f04e6 | status=success | template=get_factures_non_payees | rows=42 | duration=288.31ms | question=Factures non payées
[2026-03-25 10:20:07] uuid=19a81a95-c200-4093-bd55-42aed4df89ae | status=success | template=get_factures_non_payees | rows=42 | duration=1053.76ms | question=Factures non payées
[2026-03-25 10:20:35] uuid=e82444f1-20d5-4574-83ad-509920b4fdfa | status=success | template=get_factures_non_payees | rows=42 | duration=1028.76ms | question=Factures non payées
[2026-03-25 10:21:17] uuid=7e77784c-7adc-4185-af74-c88bb5ed5f93 | status=success | template=get_factures_non_payees | rows=42 | duration=2295.77ms | question=Factures non payées
[2026-03-25 10:21:49] uuid=56a7fe27-cc6a-4ef1-beea-3856b2542dc6 | status=success | template=get_factures_non_payees | rows=42 | duration=3206.27ms | question=Factures non payées
[2026-03-25 10:22:37] uuid=e9455371-4f24-4edf-98c9-e2acc44c1b72 | status=success | template=get_factures_non_payees | rows=42 | duration=1261.65ms | question=Factures non payées
[2026-03-25 10:23:34] uuid=5e794de5-1723-4ec7-839e-78818ac06b77 | status=success | template=get_factures_non_payees | rows=42 | duration=1200.57ms | question=Factures non payées
[2026-03-25 10:24:14] uuid=b78a679e-bce0-4ed9-8f66-8f7eeeb2c706 | status=success | template=get_factures_non_payees | rows=42 | duration=1407.42ms | question=Factures non payées
[2026-03-25 10:26:53] uuid=b9c4c0d6-142e-4728-aa00-1e5790c7cd38 | status=success | template=get_factures_non_payees | rows=42 | duration=948.43ms | question=Factures non payées
[2026-03-25 10:27:05] uuid=759e3b4f-fb46-44a0-a83a-f89fe02290a4 | status=success | template=get_factures_between | rows=100 | duration=300.24ms | question=Factures entre 2026-01-01 et 2026-02-28
[2026-03-25 10:27:16] uuid=794abde2-cfdf-4d73-8807-b06879cb4958 | status=success | template=get_factures_partiellement_payees | rows=6 | duration=213.6ms | question=Factures partiellement payées
[2026-03-25 10:28:26] uuid=9237b247-dc6e-42b3-8079-ffef0399b1c9 | status=success | template=get_factures_partiellement_payees | rows=6 | duration=285.57ms | question=Factures partiellement payées
[2026-03-25 10:28:39] uuid=35e24f54-8d4a-41b0-a4bf-1142bfb49286 | status=success | template=get_clients_multiple_commandes | rows=2 | duration=320.76ms | question=Clients avec plus de 2 commandes
[2026-03-25 11:03:33] uuid=9e25380a-3436-403d-b59e-3f9e61cc5f66 | status=success | template=get_factures_non_payees | rows=48 | duration=576.28ms | question=Factures non payées
[2026-03-25 11:57:37] uuid=5e355584-e45c-4499-ba26-d21264e624ba | status=success | template=get_factures_non_payees | rows=49 | duration=1041.84ms | question=Factures non payées
[2026-03-25 11:58:34] uuid=1ab52b93-542f-433d-bb15-19ef248163a4 | status=success | template=get_factures_between | rows=100 | duration=300.98ms | question=Factures entre 2026-01-01 et 2026-03-31
[2026-03-25 12:30:25] uuid=bba1195d-fdf9-4f10-8fa8-77152f63c28d | status=success | template=get_factures_non_payees | rows=49 | duration=1103.45ms | question=factures non payées
[2026-03-25 12:33:15] uuid=e53faf3c-1427-46e8-b9bb-296bc97f158d | status=success | template=get_factures_non_payees | rows=49 | duration=1837.22ms | question=factures non payées
[2026-03-25 12:35:30] uuid=b433ee12-8995-4ba7-afaf-353be0e5ac68 | status=success | template=get_total_ventes_mois | rows=0 | duration=4335.12ms | question=Donne-moi le total des paiements pour ce mois
[2026-03-25 12:36:47] uuid=2c12c92d-9e47-42a9-9caf-f83c8ac77f17 | status=success | template=get_total_ventes_mois | rows=0 | duration=3353.28ms | question=Donne-moi le total des paiements pour ce mois
[2026-03-25 12:37:57] uuid=79780c59-b4b8-4f1a-be07-087e8a22adbb | status=success | template=get_total_ventes_mois | rows=0 | duration=4699.0ms | question=Donne-moi le total des paiements pour ce mois
[2026-03-25 12:38:06] uuid=a868e5c0-7ddd-40ce-b888-0d40851cfde0 | status=success | template=get_total_paiements | rows=7 | duration=4603.17ms | question=Donne-moi le total des paiements par client pour les 3 derniers mois
[2026-03-25 12:44:44] uuid=6e379c28-c748-4f5a-bf38-bf538555a9a7 | status=success | template=get_factures_non_payees | rows=49 | duration=813.72ms | question=Factures non payées
[2026-03-25 12:45:08] uuid=5bd8b4f4-f327-4544-9df5-c76e520d42a0 | status=success | template=get_factures_non_payees | rows=49 | duration=1248.51ms | question=Factures non payées
[2026-03-25 12:45:30] uuid=46636cc0-c571-4441-9312-bd696ea95a7a | status=success | template=get_total_ventes_mois | rows=1 | duration=346.1ms | question=Chiffre d'affaires de janvier 2026
[2026-03-25 12:46:24] uuid=9b667359-f5de-4341-8e48-45dc415ef93b | status=success | template=get_total_ventes_mois | rows=1 | duration=708.77ms | question=Chiffre d'affaires de janvier 2026
[2026-03-25 12:46:47] uuid=de48b4f3-6442-42b1-a0c5-0affce911a28 | status=success | template=get_total_ventes_mois | rows=1 | duration=737.1ms | question=Chiffre d'affaires de janvier 2026
[2026-03-25 12:47:15] uuid=9d941c18-c696-4b29-a218-fc8f009d882f | status=success | template=get_total_ventes_mois | rows=1 | duration=757.38ms | question=Chiffre d'affaires de janvier 2026
[2026-03-25 12:47:30] uuid=93eca26e-a814-4307-a853-8309406dce9b | status=success | template=get_total_paiements | rows=7 | duration=3515.49ms | question=Donne-moi le total des paiements par client pour les 3 derniers mois
[2026-03-25 13:36:35] uuid=5ebf9d3f-34a5-43b4-957e-f61d94c00b5e | status=success | template=get_factures_non_payees | rows=49 | duration=842.1ms | question=Factures non payées
[2026-03-25 13:39:04] uuid=d9eb9b8b-d0f5-4b3f-9e3b-9e29c5f412f2 | status=success | template=get_factures_between | rows=100 | duration=199.17ms | question=Factures entre 2026-01-01 et 2026-03-31
[2026-03-25 13:41:13] uuid=8c90d4be-7728-4e16-96d8-b8d307f8d677 | status=success | template=get_factures_between | rows=48 | duration=814.2ms | question=Données entre 2026-03-01 et 2026-03-25
[2026-03-25 13:45:42] uuid=12889f68-742f-4eeb-ad79-50a2021a113a | status=success | template=get_factures_between | rows=48 | duration=1030.72ms | question=Factures entre 2026-03-01 et 2026-03-25
[2026-03-25 13:45:55] uuid=e202fff1-4e1f-42e1-a313-1b5909cae51b | status=success | template=get_factures_partiellement_payees | rows=6 | duration=225.16ms | question=Factures partiellement payées
[2026-03-25 13:47:15] uuid=ace0d30c-58d9-455d-b6cc-a1631d985f30 | status=success | template=get_clients_multiple_commandes | rows=2 | duration=245.79ms | question=Clients avec plus de 2 commandes
[2026-03-25 13:53:49] uuid=ed1253d6-735f-45ba-b194-5870ad5ba722 | status=success | template=get_factures_non_payees | rows=49 | duration=947.02ms | question=Factures non payées
[2026-03-25 13:54:11] uuid=d38afaca-42b7-456f-a3dd-38c59e282314 | status=success | template=get_factures_between | rows=48 | duration=200.07ms | question=Factures entre 2026-03-01 et 2026-03-25
[2026-03-25 13:55:38] uuid=c2c585fb-a1eb-4adc-8e0b-a6bc89334eca | status=success | template=get_factures_between | rows=100 | duration=860.31ms | question=Factures entre 2026-01-01 et 2026-03-31
[2026-03-25 13:55:52] uuid=da594297-cbfb-4b27-a8a9-f694d7141df2 | status=success | template=get_factures_negatives | rows=30 | duration=255.7ms | question=Factures négatives
[2026-03-25 13:57:52] uuid=1f12540d-23ae-46e4-91bd-4e79281cf1b7 | status=success | template=get_factures_between | rows=100 | duration=975.76ms | question=Factures entre 2026-01-01 et 2026-03-31
[2026-03-25 14:02:53] uuid=ccbdca43-3a40-4a77-9058-271382b96524 | status=success | template=get_factures_between | rows=100 | duration=204.91ms | question=Factures entre 2026-01-01 et 2026-03-31
[2026-03-25 14:05:19] uuid=89ba5ea9-aa8f-4641-a647-ba53833d0e21 | status=success | template=get_factures_between | rows=100 | duration=1013.11ms | question=Factures entre 2026-01-01 et 2026-03-31
[2026-03-25 14:06:20] uuid=ebbed15e-4941-4318-8f36-5ccb73fa9585 | status=success | template=get_total_ventes_mois | rows=1 | duration=215.35ms | question=Chiffre d'affaires de janvier 2026
[2026-03-25 14:27:38] uuid=7759817a-3483-4b9a-885d-f8a189fd8af2 | status=success | template=get_factures_between | rows=100 | duration=1228.16ms | question=Factures entre 2026-01-01 et 2026-03-31
[2026-03-25 14:27:59] uuid=c04c64a4-4d39-4369-9872-09f3f83d239e | status=success | template=get_factures_non_payees | rows=49 | duration=277.67ms | question=Factures non payées
[2026-03-25 14:28:13] uuid=bab47faa-00a2-4b50-a776-d25e53fed637 | status=success | template=get_total_ventes_mois | rows=1 | duration=258.66ms | question=Chiffre d'affaires de janvier 2026
[2026-03-25 14:29:44] uuid=afd8e4ae-97b4-42ac-bc44-e9261835b582 | status=success | template=get_total_ventes_mois | rows=0 | duration=1004.67ms | question=chiffre d affaires de octobre 2025
[2026-03-25 14:29:47] uuid=3eb42299-b960-49e7-98d5-9ef4c4e200ae | status=success | template=get_total_ventes_mois | rows=0 | duration=265.34ms | question=chiffre d affaires de novembre 2025
[2026-03-25 14:29:49] uuid=6b0bd833-ebda-4e62-ae2e-50956c9bd507 | status=success | template=get_total_ventes_mois | rows=1 | duration=419.92ms | question=chiffre d affaires de décembre 2025
[2026-03-25 14:29:51] uuid=de16a83d-9f4a-4605-b090-ed8e317141f9 | status=success | template=get_total_ventes_mois | rows=1 | duration=232.39ms | question=chiffre d affaires de janvier 2026
[2026-03-25 14:29:54] uuid=fb19d779-0339-4023-af13-1f80a90054ce | status=success | template=get_total_ventes_mois | rows=1 | duration=277.68ms | question=chiffre d affaires de février 2026
[2026-03-25 14:29:56] uuid=7daa15a8-795b-4b9e-8d14-faa55a6fc4ce | status=success | template=get_total_ventes_mois | rows=1 | duration=234.94ms | question=chiffre d affaires de mars 2026
[2026-03-25 14:30:06] uuid=17569b18-2c1d-4dfc-9280-d48b8e5532e5 | status=success | template=get_produits_stock_faible | rows=53 | duration=222.11ms | question=produits stock inférieur à 10
[2026-03-25 14:30:13] uuid=75dd7284-38e9-4822-b807-277eb79f01ca | status=success | template=get_clients_multiple_commandes | rows=2 | duration=209.07ms | question=clients avec plus de 2 commandes
[2026-03-25 14:30:27] uuid=78eb5a07-9211-407e-b2ac-1e9936e55911 | status=success | template=get_factures_between | rows=48 | duration=293.49ms | question=Factures entre 2026-03-01 et 2026-03-25
[2026-03-25 14:31:06] uuid=21a928f7-6764-4723-95d0-0c5bb89ab717 | status=success | template=get_factures_between | rows=100 | duration=227.69ms | question=Factures entre 2026-01-01 et 2026-03-25
[2026-03-25 14:31:21] uuid=e032c702-acf8-407b-92a4-f83f249a170c | status=success | template=get_factures_between | rows=100 | duration=211.96ms | question=Factures entre 2026-01-01 et 2026-03-31
[2026-03-25 14:32:14] uuid=34950f36-8b07-42bd-963f-b827b7cbd5bb | status=success | template=get_factures_non_payees | rows=49 | duration=606.44ms | question=Factures non payées
[2026-03-25 14:34:17] uuid=c9f7616c-7f84-4317-b0d9-4605e9d41d51 | status=success | template=get_factures_non_payees | rows=49 | duration=1006.99ms | question=Factures non payées
[2026-03-25 14:47:12] uuid=6604a9a4-4ba3-4a11-a0d0-09d748451259 | status=success | template=get_factures_non_payees | rows=49 | duration=1279.18ms | question=Factures non payées
[2026-03-25 14:59:40] uuid=96c4d34f-5ef8-44c9-b6ca-0f8c0ef28a04 | status=success | template=get_factures_non_payees | rows=49 | duration=1097.79ms | question=Factures non payées
[2026-03-25 15:01:41] uuid=c54b1159-338e-4a94-8feb-49f492225879 | status=success | template=get_factures_non_payees | rows=49 | duration=282.44ms | question=Factures non payées
[2026-03-25 15:03:45] uuid=e2888b7f-d213-47d2-a238-865617ef5092 | status=success | template=get_factures_non_payees | rows=49 | duration=1437.01ms | question=Factures non payées
[2026-03-25 15:08:08] uuid=9b99a819-9670-4b2d-bd64-565d5986df71 | status=success | template=get_factures_non_payees | rows=49 | duration=1443.09ms | question=Factures non payées
[2026-03-25 15:12:39] uuid=2c068573-f545-4f77-84b9-1875f930e74e | status=success | template=get_factures_non_payees | rows=49 | duration=1395.15ms | question=Factures non payées
[2026-03-25 15:18:14] uuid=ec3ad7f1-da2e-47c3-adb9-9f6eb8a0f980 | status=success | template=get_factures_non_payees | rows=49 | duration=1772.96ms | question=Factures non payées
[2026-03-25 15:22:51] uuid=39c24578-f47c-49d7-8e4e-b286befb61f9 | status=success | template=get_factures_non_payees | rows=49 | duration=911.51ms | question=Factures non payées
[2026-03-25 15:23:23] uuid=c675adaa-8b7d-4a31-aa52-35f569ada1b2 | status=success | template=get_total_ventes_mois | rows=0 | duration=190.82ms | question=chiffre d affaires de octobre 2025
[2026-03-25 15:23:25] uuid=b8d218fd-74c1-4719-bcee-7b4bfcff80d3 | status=success | template=get_total_ventes_mois | rows=0 | duration=280.65ms | question=chiffre d affaires de novembre 2025
[2026-03-25 15:23:28] uuid=692c9e5f-5c3e-42bd-8b0c-df00ec1b1eb3 | status=success | template=get_total_ventes_mois | rows=1 | duration=208.19ms | question=chiffre d affaires de décembre 2025
[2026-03-25 15:23:30] uuid=18fdd094-3035-4923-a1f0-3d9b50b59986 | status=success | template=get_total_ventes_mois | rows=1 | duration=226.78ms | question=chiffre d affaires de janvier 2026
[2026-03-25 15:23:32] uuid=a486a5de-6af6-4219-93d9-aca57a689223 | status=success | template=get_total_ventes_mois | rows=1 | duration=210.16ms | question=chiffre d affaires de février 2026
[2026-03-25 15:23:34] uuid=78ba82f6-afbd-4207-8f00-91432d90a47f | status=success | template=get_total_ventes_mois | rows=1 | duration=205.78ms | question=chiffre d affaires de mars 2026
[2026-03-25 15:23:46] uuid=d0e441e1-7d39-4045-b21b-72e3ef95e57a | status=success | template=get_produits_stock_faible | rows=53 | duration=256.28ms | question=produits stock inférieur à 10
[2026-03-25 15:23:59] uuid=41a6c2aa-99a0-4617-9b3c-9751e4786fca | status=success | template=get_clients_multiple_commandes | rows=2 | duration=367.73ms | question=clients avec plus de 2 commandes
[2026-03-25 15:24:39] uuid=b00879cb-0d37-4608-bb3b-2ff738227880 | status=success | template=get_factures_between | rows=100 | duration=269.14ms | question=factures entre 2026-01-01 et 2026-03-31
[2026-03-25 15:25:39] uuid=e9eebe23-34ac-4532-abe5-439bf760db4c | status=success | template=get_factures_between | rows=100 | duration=279.83ms | question=Factures entre 2026-01-01 et 2026-12-31
[2026-03-25 15:25:46] uuid=af183619-939f-4881-8ac4-6722c28f2d2e | status=success | template=get_factures_partiellement_payees | rows=6 | duration=268.28ms | question=Factures partiellement payées
[2026-03-25 15:32:29] uuid=8854a8b6-5a15-48bd-ac90-2238d2afaa3e | status=success | template=get_factures_between | rows=100 | duration=1125.92ms | question=factures entre 2026-01-01 et 2026-03-31
[2026-03-25 15:37:02] uuid=8f424e32-619e-45ef-a23d-8821ea755a8c | status=success | template=get_factures_between | rows=100 | duration=1095.03ms | question=factures entre 2026-01-01 et 2026-03-31
[2026-03-25 15:38:03] uuid=00c272b6-e758-4518-a2bd-a9ed4d313778 | status=success | template=get_factures_between | rows=100 | duration=1014.43ms | question=factures entre 2026-01-01 et 2026-03-31
[2026-03-25 15:38:15] uuid=d39adac0-f136-4e34-aa3a-a8ac92da204e | status=success | template=get_factures_non_payees | rows=49 | duration=378.21ms | question=Factures non payées
[2026-03-27 08:23:42] uuid=f5718933-33e6-4fed-a8e8-e84e186958b6 | status=success | template=get_factures_non_payees | rows=50 | duration=731.68ms | question=Factures non payées
[2026-03-27 08:23:55] uuid=24cec8c0-1c8f-40dd-b770-e5dbb689cce8 | status=success | template=get_clients_multiple_commandes | rows=2 | duration=182.26ms | question=Clients avec plus de 2 commandes
[2026-03-27 08:25:22] uuid=67e594df-e6ee-4474-9b23-37a6a31a4b27 | status=success | template=get_produits_stock_faible | rows=52 | duration=177.5ms | question=Produits avec stock inférieur à 5
[2026-03-27 08:25:37] uuid=114635c3-c171-4493-b0e3-64d58acd69ce | status=success | template=get_total_ventes_mois | rows=1 | duration=174.99ms | question=Chiffre d'affaires de janvier 2026
[2026-03-27 08:26:27] uuid=5f86a271-1a27-470b-82ac-6c4a6ed88668 | status=success | template=get_factures_between | rows=100 | duration=179.29ms | question=Factures entre 2026-01-01 et 2026-02-28
[2026-03-27 08:26:53] uuid=af3bb38a-5f6e-4bd9-b7ec-01e6c40ebce5 | status=success | template=get_produits_stock_faible | rows=52 | duration=174.75ms | question=Produits avec stock inférieur à 5
[2026-03-27 08:27:28] uuid=b27614aa-f114-4999-aa54-73ea991afcbc | status=success | template=get_factures_partiellement_payees | rows=6 | duration=176.73ms | question=factures partiellement payées
[2026-03-27 08:28:44] uuid=2cba2148-0b03-4418-b83e-da4c6c7fe17e | status=success | template=get_factures_non_payees | rows=50 | duration=181.5ms | question=Factures non payées
[2026-03-27 08:29:57] uuid=000ceda9-d618-414b-bdeb-1b6f69ad1214 | status=success | template=get_factures_non_payees | rows=50 | duration=184.06ms | question=Factures non payées
[2026-03-27 08:30:50] uuid=6701e293-b9d5-45b8-abd9-9f9ffbf178d2 | status=success | template=get_produits_stock_faible | rows=52 | duration=190.92ms | question=Produits avec stock inférieur à 3
[2026-03-27 08:30:59] uuid=60f5f314-5f5c-440a-b6da-64668ccc3186 | status=success | template=get_clients_multiple_commandes | rows=2 | duration=175.54ms | question=Clients avec plus de 2 commandes
[2026-03-27 08:31:10] uuid=9a1ef260-1d0b-46ee-a7aa-f88ef2aaa679 | status=success | template=get_factures_non_payees | rows=50 | duration=178.92ms | question=Factures non payées
[2026-03-27 08:32:41] uuid=da4e1c99-fcbb-44ff-903f-fa376e8432a9 | status=success | template=get_factures_negatives | rows=30 | duration=181.42ms | question=Factures négatives
[2026-03-27 08:33:29] uuid=17246dc7-9e03-45c5-adae-a352fd53af94 | status=success | template=get_factures_non_payees | rows=50 | duration=177.23ms | question=factures non payées
[2026-03-27 08:34:01] uuid=91a75bdc-36cb-423a-ada6-24236f02fa0b | status=success | template=get_factures_partiellement_payees | rows=6 | duration=178.61ms | question=factures partiellement payées
[2026-03-27 08:35:02] uuid=b919fd6d-e251-4de0-9a4e-23e9a411d705 | status=success | template=get_total_ventes_mois | rows=1 | duration=179.9ms | question=Chiffre d'affaires de janvier 2026
[2026-03-27 08:44:33] uuid=c90ce60e-ea4c-4798-99ee-d5358f72ffd2 | status=success | template=get_factures_non_payees | rows=50 | duration=776.43ms | question=Factures non payées
[2026-03-27 08:44:52] uuid=14e2b30c-3352-47cf-bcd2-c7a04419ca31 | status=success | template=get_factures_partiellement_payees | rows=6 | duration=184.97ms | question=Factures partiellement payées
[2026-03-27 08:46:05] uuid=833ce523-ed87-414e-aee6-6a7766e35f00 | status=success | template=get_factures_partiellement_payees | rows=6 | duration=185.94ms | question=Factures partiellement payées
[2026-03-27 08:47:19] uuid=af5c55ef-46d7-4fdd-a8b6-06c64fddcd25 | status=success | template=get_factures_non_payees | rows=50 | duration=184.67ms | question=Factures non payées
[2026-03-27 08:48:22] uuid=06a70857-8abe-4379-826d-5afd426e1142 | status=success | template=get_factures_partiellement_payees | rows=6 | duration=186.63ms | question=factures partiellement payées
[2026-03-27 08:48:33] uuid=4f45842c-b6b7-41b7-8584-d2e10c41c610 | status=success | template=get_factures_non_payees | rows=50 | duration=187.17ms | question=Factures non payées
[2026-03-27 08:48:46] uuid=fcf59f10-3e7d-4fcf-a636-06e44018a3f7 | status=success | template=get_factures_between | rows=49 | duration=183.03ms | question=factures entre 2026-03-01 et 2026-03-27
[2026-03-27 08:50:31] uuid=d2318ee5-8dc0-442e-b383-e17743871b3a | status=success | template=get_factures_negatives | rows=30 | duration=182.46ms | question=Factures négatives
[2026-03-27 08:55:15] uuid=9fa59a8d-24da-4d8d-baa3-6a6b44141809 | status=success | template=get_factures_non_payees | rows=50 | duration=199.82ms | question=Factures non payées
[2026-03-27 09:04:06] uuid=237f7798-9d6b-4ef7-afcc-05c45cea9e14 | status=success | template=get_factures_between | rows=100 | duration=767.49ms | question=factures entre 2026-01-01 et 2026-12-31
[2026-03-27 09:04:18] uuid=aebd09b3-04b5-463b-872c-2ac1d9252c97 | status=success | template=get_factures_non_payees | rows=50 | duration=185.74ms | question=Factures non payées
[2026-03-27 09:05:04] uuid=4b1f0205-3747-494c-9927-6b61b45d0125 | status=success | template=get_clients_multiple_commandes | rows=2 | duration=183.6ms | question=Clients avec plus de 2 commandes
[2026-03-27 09:05:52] uuid=1775d36c-dc27-4880-8d17-3e7582540cd1 | status=success | template=get_factures_non_payees | rows=50 | duration=185.34ms | question=factures non payées
[2026-03-27 09:09:15] uuid=048bfa9b-ccbf-4d9c-86af-706b0dc87fd4 | status=success | template=get_factures_non_payees | rows=50 | duration=202.31ms | question=Factures non payées
[2026-03-27 09:15:56] uuid=ae4fd456-9381-4f24-9421-e06a0c11aabe | status=success | template=get_factures_non_payees | rows=50 | duration=189.2ms | question=Factures non payées
[2026-03-27 09:16:08] uuid=1e9708e7-a739-45f8-ae44-046691acf7a0 | status=success | template=get_factures_between | rows=100 | duration=184.86ms | question=factures entre 2026-01-01 et 2026-12-31
[2026-03-27 09:24:52] uuid=0b9f9bc8-995c-484c-88b8-c4cd4e582bfd | status=success | template=get_factures_non_payees | rows=50 | duration=758.0ms | question=Factures non payées
[2026-03-27 09:25:34] uuid=dba7ab09-9b58-4286-b18b-5b12f1fa7f05 | status=success | template=get_factures_between | rows=49 | duration=180.88ms | question=factures entre 2026-03-01 et 2026-03-27
[2026-03-27 09:26:05] uuid=4a69be1c-cfa3-4117-ae78-f2c98ac038e2 | status=success | template=get_produits_stock_faible | rows=52 | duration=184.23ms | question=Produits avec stock inférieur à 5
[2026-03-27 09:27:42] uuid=4b781ee9-4ec7-4e32-a623-418ae521f353 | status=success | template=get_produits_stock_faible | rows=52 | duration=178.41ms | question=Produits avec stock inférieur à 3
[2026-03-27 09:46:02] uuid=e07ec6ee-3b18-4620-85ae-1c0c9ac20cae | status=success | template=get_factures_non_payees | rows=50 | duration=750.6ms | question=Factures non payées
[2026-03-27 09:46:18] uuid=15844654-38c9-4117-8d4c-031107becc48 | status=success | template=get_factures_between | rows=100 | duration=179.96ms | question=Factures entre 2026-01-01 et 2026-12-31
[2026-03-27 09:46:27] uuid=fc547368-2bb0-4eb6-9e7c-416d0ff83694 | status=success | template=get_total_ventes_mois | rows=1 | duration=176.03ms | question=Chiffre d'affaires de janvier 2026
[2026-03-27 09:46:37] uuid=6694f0c6-0a22-4af0-9688-7a44ec1422bc | status=success | template=get_total_ventes_mois | rows=1 | duration=177.91ms | question=Chiffre d'affaires de décembre 2025
[2026-03-27 09:47:43] uuid=b20b3602-404f-4973-9f3b-ca064dfba406 | status=success | template=get_factures_non_payees | rows=50 | duration=665.84ms | question=Factures non payées
[2026-03-27 09:49:35] uuid=d6b11976-ed81-405c-8715-8421a9b43a86 | status=success | template=get_factures_non_payees | rows=50 | duration=689.45ms | question=Factures non payées
[2026-03-27 09:49:41] uuid=5941ca8f-e802-4703-bf04-d60fb1d16550 | status=success | template=get_factures_partiellement_payees | rows=6 | duration=184.55ms | question=Factures partiellement payées
[2026-03-27 09:49:55] uuid=08b92e64-3b7c-47fa-b440-af14d6cc90e8 | status=success | template=get_produits_stock_faible | rows=52 | duration=181.64ms | question=Produits avec stock inférieur à 5
[2026-03-27 09:53:54] uuid=d00324af-edb7-4d7b-a782-fa082c181382 | status=success | template=get_factures_non_payees | rows=50 | duration=717.45ms | question=Factures non payées
[2026-03-27 09:54:15] uuid=34580d2f-d854-4537-a8c3-53becc09e56e | status=success | template=get_factures_between | rows=49 | duration=175.8ms | question=factures entre 2026-03-01 et 2026-03-27
[2026-03-27 09:54:53] uuid=2c089a80-e9b5-456f-95c8-c10ff134b419 | status=success | template=get_produits_stock_faible | rows=52 | duration=669.31ms | question=Produits avec stock inférieur à 5
[2026-03-27 09:57:09] uuid=bc690a98-1262-4b6a-8bf1-f89df325d0ec | status=success | template=get_factures_non_payees | rows=50 | duration=666.69ms | question=Factures non payées
[2026-03-27 10:23:06] uuid=681ee31c-2f87-4616-9d82-e6e42e0a2a91 | status=success | template=get_factures_non_payees | rows=50 | duration=754.37ms | question=Factures non payées
[2026-03-27 10:23:24] uuid=ad565073-76d7-4c92-a0c4-cd58f24f1566 | status=success | template=get_produits_stock_faible | rows=52 | duration=186.91ms | question=Produits avec stock inférieur à 5
[2026-03-27 10:25:23] uuid=3659778f-7d44-4cbe-9a27-d14e9a86621a | status=success | template=get_produits_stock_faible | rows=53 | duration=542.42ms | question=Produits avec stock inférieur à 10
[2026-03-27 10:30:37] uuid=8a63f215-3a40-4fa4-ad50-bead1899b941 | status=success | template=get_factures_non_payees | rows=50 | duration=748.53ms | question=Factures non payées
[2026-03-27 10:30:45] uuid=40a10424-4a4d-4594-847d-9c70eedb6206 | status=success | template=get_factures_partiellement_payees | rows=6 | duration=179.85ms | question=Factures partiellement payées
[2026-03-27 10:31:33] uuid=d61eef0a-cf0d-4318-b117-67e7fe93f7e7 | status=success | template=get_factures_non_payees | rows=50 | duration=743.83ms | question=Factures non payées
[2026-03-27 10:32:13] uuid=4539c315-fe86-43e2-b9f4-0567944035d2 | status=success | template=get_produits_stock_faible | rows=52 | duration=181.31ms | question=Produits avec stock inférieur à 5
[2026-03-27 10:33:32] uuid=a7fcd426-9fb3-4b83-8736-978abc8f3b09 | status=success | template=get_factures_between | rows=49 | duration=181.29ms | question=factures entre 2026-03-01 et 2026-03-27
[2026-03-27 10:34:24] uuid=35cbb4f8-9736-409a-9f3e-2688e092bda9 | status=success | template=get_factures_non_payees | rows=50 | duration=683.58ms | question=Factures non payées
[2026-03-27 10:37:25] uuid=4a0e604a-c371-4ebe-9ae1-3b5dda41746d | status=success | template=get_factures_non_payees | rows=50 | duration=723.11ms | question=Factures non payées
[2026-03-27 10:38:07] uuid=fe4ea520-29b7-4f58-814b-04f4106df126 | status=success | template=get_factures_non_payees | rows=50 | duration=655.92ms | question=Factures non payées
[2026-03-27 10:53:47] uuid=56109a95-ef39-482d-b4f7-c2d4281f8325 | status=success | template=get_factures_non_payees | rows=50 | duration=470.3ms | question=Factures non payées
[2026-03-27 10:56:49] uuid=8661192f-fe61-4e51-9b0d-de521830ede6 | status=success | template=get_factures_non_payees | rows=50 | duration=189.71ms | question=Factures non payées
[2026-03-27 11:03:19] uuid=bcf671b5-6d6d-4a1e-81d9-d18833bf37de | status=success | template=get_factures_non_payees | rows=50 | duration=754.25ms | question=Factures non payées
[2026-03-27 11:04:17] uuid=16efc0e2-bcb3-42e8-bc79-bd6c86d47864 | status=success | template=get_factures_non_payees | rows=50 | duration=720.49ms | question=Factures non payées
[2026-03-27 11:04:37] uuid=250d59b9-2126-44ae-943a-7a820b90f3cb | status=success | template=get_factures_between | rows=100 | duration=177.93ms | question=factures entre 2026-01-01 et 2026-03-27
[2026-03-27 11:04:59] uuid=5fc345a8-7ca9-44af-972b-7e06ca7506f1 | status=success | template=get_produits_stock_faible | rows=52 | duration=176.93ms | question=Produits avec stock inférieur à 5
[2026-03-27 11:05:08] uuid=eb316322-0a5e-467f-a49d-4522f136a79c | status=success | template=get_clients_multiple_commandes | rows=2 | duration=184.29ms | question=Clients avec plus de 2 commandes
[2026-03-27 11:05:49] uuid=b2b388b7-e2c2-42fb-8173-48cdb8a10a36 | status=success | template=get_factures_between | rows=49 | duration=177.74ms | question=factures entre 2026-03-01 et 2026-03-27
[2026-03-27 11:05:56] uuid=e61d05a6-6462-460c-8520-1c146475bf73 | status=success | template=get_factures_non_payees | rows=50 | duration=180.22ms | question=Factures non payées
[2026-03-27 11:06:09] uuid=32776b9a-9544-44d5-946b-e87c392add90 | status=success | template=get_factures_between | rows=100 | duration=182.2ms | question=Factures entre 2026-01-01 et 2026-12-31
[2026-03-27 11:16:33] uuid=76464142-7e58-43db-87e9-90bd1dfbb1e4 | status=success | template=get_factures_non_payees | rows=50 | duration=768.32ms | question=Factures non payées
[2026-03-27 11:16:59] uuid=a386943a-3199-4953-9f3f-041ff6742b5a | status=success | template=get_clients_multiple_commandes | rows=2 | duration=185.97ms | question=Clients avec plus de 2 commandes
[2026-03-27 11:17:48] uuid=ce830509-f598-4534-9b44-49da90682c0e | status=success | template=get_factures_non_payees | rows=50 | duration=186.19ms | question=Factures non payées
[2026-03-27 11:18:09] uuid=3d6bc1d7-171f-45fe-bd5e-35c312b625ab | status=success | template=get_factures_between | rows=100 | duration=184.92ms | question=Factures entre 2026-01-01 et 2026-02-28
[2026-03-27 11:18:32] uuid=1f84a690-7cbf-41f6-ac73-93c3d020a00a | status=success | template=get_produits_stock_faible | rows=52 | duration=183.42ms | question=Produits avec stock inférieur à 5
[2026-03-27 11:18:41] uuid=6b0eea2b-6a2f-40ed-a1db-ddc318052e4b | status=success | template=get_factures_between | rows=49 | duration=181.7ms | question=factures entre 2026-03-01 et 2026-03-27
[2026-03-27 11:19:11] uuid=ae022360-44d0-44f1-af5c-5e03cad9fd9d | status=success | template=get_factures_between | rows=100 | duration=181.79ms | question=factures entre 2026-01-01 et 2026-03-27
[2026-03-27 11:19:24] uuid=6ef5c213-6dc8-49fd-b675-7607574303c1 | status=success | template=get_factures_between | rows=100 | duration=181.74ms | question=factures entre 2026-01-01 et 2026-03-31
[2026-03-27 11:19:31] uuid=cdcd8072-96d2-450d-9c6d-011ef2b8c022 | status=success | template=get_factures_negatives | rows=30 | duration=181.23ms | question=Factures négatives
[2026-03-27 11:19:58] uuid=8f779941-7972-43e9-bba4-d02633ba275a | status=success | template=get_total_ventes_mois | rows=1 | duration=186.01ms | question=Chiffre d'affaires de janvier 2026
[2026-03-27 11:23:23] uuid=a86f23b1-724a-4d22-aa85-f4eacecf044b | status=success | template=get_factures_non_payees | rows=50 | duration=754.2ms | question=Factures non payées
[2026-03-27 11:23:31] uuid=e0c0a91c-e297-4939-9715-423a2045af5d | status=success | template=get_factures_between | rows=49 | duration=182.07ms | question=factures entre 2026-03-01 et 2026-03-27
[2026-03-27 11:25:28] uuid=ab5bd9f2-15ff-4008-ac27-704bea7b2df3 | status=success | template=get_factures_non_payees | rows=50 | duration=184.92ms | question=Factures non payées
[2026-03-27 12:03:48] uuid=929133d0-9337-4aec-9cb6-09f14217dbd7 | status=success | template=get_factures_non_payees | rows=50 | duration=754.28ms | question=Factures non payées
[2026-03-27 12:32:50] uuid=69e5bc57-e7be-48f0-bbf1-60216f3aac8a | status=success | template=get_factures_between | rows=0 | duration=3368.92ms | question=factures entre None et None
[2026-03-27 12:32:58] uuid=e3ef1143-cb3a-448f-ab4e-ec6c9173b8e1 | status=success | template=get_factures_between | rows=49 | duration=184.84ms | question=factures entre 2026-03-01 et 2026-03-27
[2026-03-27 15:27:37] uuid=4a9ec50e-34fe-4dd0-93d6-870d7029a072 | status=success | template=get_factures_between | rows=50 | duration=732.14ms | question=factures entre 2026-03-01 et 2026-03-27
[2026-03-27 15:27:48] uuid=b91cd2da-ba75-4b50-b9f6-a4d595ab4dd6 | status=success | template=get_factures_non_payees | rows=50 | duration=185.79ms | question=Factures non payées
[2026-03-30 09:27:56] uuid=26b839b1-38b1-49db-8d28-3d7bf3eb0cfe | status=success | template=get_factures_non_payees | rows=50 | duration=758.92ms | question=Factures non payées
[2026-03-30 09:28:06] uuid=2e4fc640-a23e-41f3-ad94-20b8a1111fcc | status=success | template=get_clients_multiple_commandes | rows=2 | duration=182.12ms | question=clients avec plus de 5 commandes
[2026-03-30 09:29:15] uuid=765b3ea1-6c07-4cde-b544-878dcd4133f0 | status=success | template=get_factures_between | rows=54 | duration=177.26ms | question=factures entre 2026-03-01 et 2026-03-30
[2026-03-30 09:51:08] uuid=a468c4d7-c844-445b-b689-663055551672 | status=success | template=get_factures_non_payees | rows=50 | duration=196.15ms | question=factures non payées
[2026-03-30 09:52:04] uuid=38e9431f-a77b-45bf-8574-da7290f10916 | status=success | template=get_factures_between | rows=54 | duration=177.01ms | question=factures entre 2026-03-01 et 2026-03-30
[2026-03-30 09:53:23] uuid=d6e6454f-e4c5-437e-8830-468c85c48e1f | status=success | template=get_factures_non_payees | rows=50 | duration=698.3ms | question=factures non payées
[2026-03-30 10:03:33] uuid=2a8a8589-44d2-4abe-9e97-5f2f95429cc1 | status=success | template=get_factures_between | rows=100 | duration=755.56ms | question=factures entre 2026-01-01 et 2026-01-31
[2026-03-30 10:03:36] uuid=c58e4c9d-4608-42fc-8e48-5ed6a9015dc6 | status=success | template=get_factures_between | rows=100 | duration=182.58ms | question=factures entre 2025-12-01 et 2026-02-28
[2026-03-30 10:03:38] uuid=efa8c3bd-3a6e-4026-8e29-3d568060590f | status=success | template=get_factures_non_payees | rows=50 | duration=200.99ms | question=factures non payées
[2026-03-30 10:03:43] uuid=d2678881-56c5-46d9-af4e-2c10b005f136 | status=success | template=get_factures_partiellement_payees | rows=6 | duration=185.34ms | question=factures partiellement payées
[2026-03-30 10:03:45] uuid=9b7e5185-ab59-49cf-a9f6-1be5244131cd | status=success | template=get_clients_multiple_commandes | rows=2 | duration=183.42ms | question=clients avec plus de 2 commandes
[2026-03-30 10:03:47] uuid=c7faabe7-6ff2-487a-bcb4-478706b88604 | status=success | template=get_clients_multiple_commandes | rows=2 | duration=182.08ms | question=clients ayant passé plus de 3 commandes
[2026-03-30 10:03:50] uuid=73ae0920-6ec5-41e1-854b-8f7a6b9a64e0 | status=success | template=get_produits_stock_faible | rows=51 | duration=189.97ms | question=produits avec stock inférieur à 5
[2026-03-30 10:03:52] uuid=ccab41ba-ccf0-4bd6-aa8f-f00653ca18ba | status=success | template=get_produits_stock_faible | rows=51 | duration=181.28ms | question=produits stock inférieur à 10
[2026-03-30 10:03:54] uuid=c3cc862a-85e1-46b2-81e6-d574dc2e524a | status=success | template=get_total_ventes_mois | rows=1 | duration=182.43ms | question=chiffre d affaires de janvier 2026
[2026-03-30 10:03:57] uuid=0b24729a-9409-4107-9ef5-73760f0c40e7 | status=success | template=get_total_ventes_mois | rows=1 | duration=188.19ms | question=chiffre d affaires de février 2026
[2026-03-30 10:04:39] uuid=9f97ea32-a261-4102-9bdd-5e437c24ad25 | status=success | template=get_factures_non_payees | rows=50 | duration=188.66ms | question=factures non payées
[2026-03-30 10:04:43] uuid=33a97eed-d8e4-4aa4-afb8-6a66da3a52c4 | status=success | template=get_factures_partiellement_payees | rows=6 | duration=185.06ms | question=factures partiellement payées
[2026-03-30 10:07:01] uuid=3bfb4e6e-3974-4b0c-8539-f08b2f9df821 | status=success | template=get_factures_between | rows=100 | duration=724.98ms | question=factures entre 2026-01-01 et 2026-01-31
[2026-03-30 10:07:03] uuid=54fdf7c6-063f-4163-9b45-de2e945c0b60 | status=success | template=get_factures_between | rows=100 | duration=194.71ms | question=factures entre 2025-12-01 et 2026-02-28
[2026-03-30 10:07:06] uuid=89ff6835-2e17-4c0c-ade6-6f7b1ba1a71a | status=success | template=get_factures_non_payees | rows=50 | duration=178.45ms | question=factures non payées
[2026-03-30 10:07:10] uuid=6b371dd9-7edf-4e02-9c3e-392f4b97d29b | status=success | template=get_factures_partiellement_payees | rows=6 | duration=178.11ms | question=factures partiellement payées
[2026-03-30 10:07:12] uuid=3b770352-711c-46eb-9f63-41d051da015a | status=success | template=get_clients_multiple_commandes | rows=2 | duration=177.11ms | question=clients avec plus de 2 commandes
[2026-03-30 10:07:15] uuid=00d0c5a4-41cb-42fc-8074-8dc6021be2f4 | status=success | template=get_clients_multiple_commandes | rows=2 | duration=183.11ms | question=clients ayant passé plus de 3 commandes
[2026-03-30 10:07:17] uuid=91abc90a-4f93-4baf-bca2-d92d160a576a | status=success | template=get_produits_stock_faible | rows=51 | duration=192.47ms | question=produits avec stock inférieur à 5
[2026-03-30 10:07:20] uuid=f1f7ebc3-9564-429f-a951-377624cbf6b9 | status=success | template=get_produits_stock_faible | rows=51 | duration=849.38ms | question=produits stock inférieur à 10
[2026-03-30 10:07:23] uuid=d4f7270e-4dab-44e2-8ed6-260fe1d0dc87 | status=success | template=get_total_ventes_mois | rows=1 | duration=445.68ms | question=chiffre d affaires de janvier 2026
[2026-03-30 10:07:25] uuid=ed13eb05-bd32-4aff-a1e1-56ecec363729 | status=success | template=get_total_ventes_mois | rows=1 | duration=198.44ms | question=chiffre d affaires de février 2026
[2026-03-30 10:08:08] uuid=39a60e44-59cf-47e6-98a9-ba1efe80d814 | status=success | template=get_factures_non_payees | rows=50 | duration=227.19ms | question=factures non payées
[2026-03-30 10:08:12] uuid=1a862767-4f61-4459-be62-743a7bd7cf1a | status=success | template=get_factures_partiellement_payees | rows=6 | duration=180.53ms | question=factures partiellement payées
[2026-03-30 10:16:50] uuid=e36f62da-e0cc-4554-8882-4bfc34d5d57f | status=success | template=get_factures_between | rows=100 | duration=724.13ms | question=factures entre 2026-01-01 et 2026-01-31
[2026-03-30 10:16:53] uuid=3ec2fec4-bc26-4700-808f-d13f25eeb19d | status=success | template=get_factures_between | rows=100 | duration=179.18ms | question=factures entre 2025-12-01 et 2026-02-28
[2026-03-30 10:16:55] uuid=a6642cf5-7c7e-4b7d-904f-f619cff26d9e | status=success | template=get_factures_non_payees | rows=50 | duration=178.67ms | question=factures non payées
[2026-03-30 10:16:59] uuid=f9608bf2-c6fa-4146-8802-2426ee8f5af0 | status=success | template=get_factures_partiellement_payees | rows=6 | duration=176.1ms | question=factures partiellement payées
[2026-03-30 10:17:01] uuid=8fe61434-43cd-4316-8a2d-29350c432c22 | status=success | template=get_clients_multiple_commandes | rows=2 | duration=174.49ms | question=clients avec plus de 2 commandes
[2026-03-30 10:17:04] uuid=3c8a5aff-4195-47af-81dd-3a9ee874b668 | status=success | template=get_clients_multiple_commandes | rows=2 | duration=178.28ms | question=clients ayant passé plus de 3 commandes
[2026-03-30 10:17:06] uuid=099e7f8d-1f50-4e10-bf2e-b976d561eba3 | status=success | template=get_produits_stock_faible | rows=51 | duration=175.12ms | question=produits avec stock inférieur à 5
[2026-03-30 10:17:08] uuid=bf61ca13-fb41-43d3-87d1-70336bed8d08 | status=success | template=get_produits_stock_faible | rows=51 | duration=175.56ms | question=produits stock inférieur à 10
[2026-03-30 10:17:11] uuid=8418f8cd-5f2c-423b-a7fe-a1d4c7a152ae | status=success | template=get_total_ventes_mois | rows=1 | duration=174.62ms | question=chiffre d affaires de janvier 2026
[2026-03-30 10:17:13] uuid=391b25ec-08ee-42a1-8b12-7eb0f88aa0c9 | status=success | template=get_total_ventes_mois | rows=1 | duration=175.15ms | question=chiffre d affaires de février 2026
[2026-03-30 10:30:20] uuid=146d69d3-7b2f-4de4-a924-5f1eacc6d5b7 | status=success | template=get_factures_between | rows=100 | duration=735.8ms | question=factures entre 2026-01-01 et 2026-01-31
[2026-03-30 10:30:22] uuid=67e5c4ef-b401-484f-9678-a498126d2a12 | status=success | template=get_factures_between | rows=100 | duration=174.98ms | question=factures entre 2025-12-01 et 2026-02-28
[2026-03-30 10:30:25] uuid=4e170773-c991-4761-b6b7-7387d86eab5c | status=success | template=get_factures_between | rows=15 | duration=173.98ms | question=factures entre 2026-01-15 et 2026-02-15
[2026-03-30 10:30:29] uuid=541b67a7-1b35-4cd1-8917-ec8ddca84866 | status=success | template=get_total_ventes_mois | rows=1 | duration=173.8ms | question=liste des factures de décembre 2025
[2026-03-30 10:30:31] uuid=6cc882f0-1700-421d-b910-a2be1e802067 | status=success | template=get_factures_non_payees | rows=50 | duration=177.96ms | question=factures non payées
[2026-03-30 10:30:38] uuid=6a6651b6-a73a-4682-a32d-2b83a9d7787e | status=success | template=get_factures_non_payees | rows=50 | duration=2832.38ms | question=quelles factures ne sont pas encore réglées
[2026-03-30 10:30:43] uuid=6be7d9b1-4bd6-463e-82e5-8a250d44f84f | status=success | template=get_factures_non_payees | rows=50 | duration=2597.95ms | question=factures en attente de paiement
[2026-03-30 10:30:49] uuid=25cceae2-65a8-4276-b13e-006fc08a598e | status=success | template=get_factures_non_payees | rows=50 | duration=3697.87ms | question=montrer les factures non soldées
[2026-03-30 10:30:51] uuid=53db6f77-da68-4f47-b362-f464d2103559 | status=success | template=get_factures_partiellement_payees | rows=6 | duration=178.0ms | question=factures partiellement payées
[2026-03-30 10:31:00] uuid=7e5efbdb-5a00-4a8c-90e8-8001b3bd493a | status=success | template=get_factures_non_payees | rows=50 | duration=4362.73ms | question=factures dont le solde restant est positif
[2026-03-30 10:31:07] uuid=72a0fc7b-dccb-48ac-ade9-8ff5d74c4e83 | status=success | template=get_factures_partiellement_payees | rows=6 | duration=5077.92ms | question=factures incomplètement réglées
[2026-03-30 10:31:11] uuid=e7fe4f54-b391-4101-bff8-efe79521c5c7 | status=success | template=get_clients_multiple_commandes | rows=2 | duration=174.46ms | question=clients avec plus de 2 commandes
[2026-03-30 10:31:14] uuid=2713f557-baef-4f79-9388-ec565b79b96e | status=success | template=get_clients_multiple_commandes | rows=2 | duration=173.56ms | question=clients ayant passé plus de 3 commandes
[2026-03-30 10:31:18] uuid=f5a0aae3-aec5-4cf6-bce5-826b34bc3715 | status=success | template=get_clients_multiple_commandes | rows=2 | duration=2487.74ms | question=clients qui ont commandé plusieurs fois
[2026-03-30 10:31:23] uuid=2dcebd20-c423-4754-8129-125d57d4ff1e | status=success | template=get_clients_multiple_commandes | rows=2 | duration=3126.03ms | question=liste des clients multi-commandes
[2026-03-30 10:31:29] uuid=f5887997-8f73-4441-a2b7-859a8b84ad6f | status=success | template=get_clients_multiple_commandes | rows=2 | duration=3164.59ms | question=clients avec au moins 2 achats
[2026-03-30 10:31:31] uuid=dc687413-36d2-44db-baf1-ce97a3e7c4d6 | status=success | template=get_produits_stock_faible | rows=51 | duration=176.11ms | question=produits avec stock inférieur à 5
[2026-03-30 10:31:33] uuid=32a8e7b0-c850-4926-9fc8-4dee4132164c | status=success | template=get_produits_stock_faible | rows=51 | duration=174.07ms | question=produits stock inférieur à 10
[2026-03-30 10:31:40] uuid=6d2d5ca5-974c-411e-ae2a-981d352a5974 | status=success | template=get_produits_stock_faible | rows=51 | duration=176.09ms | question=produits avec moins de 3 unités en stock
[2026-03-30 10:31:42] uuid=e2519b32-aa88-4636-95f9-d4abca7b43b8 | status=success | template=get_total_ventes_mois | rows=1 | duration=180.52ms | question=chiffre d affaires de janvier 2026
[2026-03-30 10:31:44] uuid=29abd9a7-4bec-4aca-aeb8-f7b228b22c15 | status=success | template=get_total_ventes_mois | rows=1 | duration=176.51ms | question=chiffre d affaires de février 2026
[2026-03-30 10:31:47] uuid=8828dea4-87d2-45b0-981b-7870d6251e16 | status=success | template=get_total_ventes_mois | rows=1 | duration=175.06ms | question=CA du mois de mars 2026
[2026-03-30 10:32:07] uuid=7f43107b-9733-49fb-8bfc-a7e5f3bfbb73 | status=success | template=get_factures_non_payees | rows=50 | duration=181.46ms | question=factures non payées
[2026-03-30 10:32:15] uuid=a2a3bba5-0828-4166-bdbc-c4f54f3be65a | status=success | template=get_factures_non_payees | rows=50 | duration=3661.22ms | question=quelles factures ne sont pas encore réglées
[2026-03-30 10:32:20] uuid=d740942d-a23d-4cf6-b39a-da108ae753fa | status=success | template=get_factures_non_payees | rows=50 | duration=2701.26ms | question=factures en attente de paiement
[2026-03-30 10:32:25] uuid=95ce2345-a621-441a-add1-f115bb5f6328 | status=success | template=get_factures_non_payees | rows=50 | duration=2699.9ms | question=montrer les factures non soldées
[2026-03-30 10:32:27] uuid=12848ee1-f788-404f-ae27-8294d4ad1eae | status=success | template=get_factures_partiellement_payees | rows=6 | duration=178.14ms | question=factures partiellement payées
[2026-03-30 10:32:34] uuid=e2a25b50-7aca-4826-8ca1-8435245fa959 | status=success | template=get_factures_non_payees | rows=50 | duration=2816.97ms | question=factures dont le solde restant est positif
[2026-03-30 10:32:40] uuid=6e2db514-3a8f-47bd-8912-2773feaad334 | status=success | template=get_factures_partiellement_payees | rows=6 | duration=4011.03ms | question=factures incomplètement réglées
[2026-03-30 10:32:53] uuid=9c44b205-f7ce-4869-bfbb-1e2be9119cbf | status=success | template=get_clients_multiple_commandes | rows=2 | duration=4096.48ms | question=clients qui ont commandé plusieurs fois
[2026-03-30 10:33:00] uuid=1bd805bc-e0cb-4ff8-ac4b-d655bcc7f111 | status=success | template=get_clients_multiple_commandes | rows=2 | duration=4752.8ms | question=liste des clients multi-commandes
[2026-03-30 10:33:07] uuid=7081175b-0856-4b45-b401-99d36904165d | status=success | template=get_clients_multiple_commandes | rows=2 | duration=5447.9ms | question=clients avec au moins 2 achats
[2026-03-30 10:33:43] uuid=ad7fcbf7-7345-4347-acde-a261e61b347c | status=success | template=get_factures_non_payees | rows=50 | duration=195.57ms | question=factures non payées
[2026-03-30 10:33:50] uuid=04c59f71-8d9a-48a2-86fd-e482a5d4d51b | status=success | template=get_factures_non_payees | rows=50 | duration=2624.75ms | question=quelles factures ne sont pas encore réglées
[2026-03-30 10:33:55] uuid=a5b3b137-c2d9-4409-b242-486a3a5da880 | status=success | template=get_factures_non_payees | rows=50 | duration=2629.96ms | question=factures en attente de paiement
[2026-03-30 10:34:03] uuid=33557543-024a-41ab-ae67-5940890decab | status=success | template=get_factures_non_payees | rows=50 | duration=6239.81ms | question=montrer les factures non soldées
[2026-03-30 10:34:06] uuid=287d3c2b-219e-4d7f-9959-f20622748017 | status=success | template=get_factures_partiellement_payees | rows=6 | duration=192.03ms | question=factures partiellement payées
[2026-03-30 10:34:13] uuid=6321c7fd-956f-462a-bbc7-349a20140338 | status=success | template=get_factures_non_payees | rows=50 | duration=3379.36ms | question=factures dont le solde restant est positif
[2026-03-30 10:34:19] uuid=4dee94bc-61b9-46ba-9868-422fad6efb71 | status=success | template=get_factures_partiellement_payees | rows=6 | duration=3196.05ms | question=factures incomplètement réglées
[2026-03-30 10:34:30] uuid=91358d4a-0975-4e4c-8d28-10fa2f7c5bff | status=success | template=get_clients_multiple_commandes | rows=2 | duration=2652.76ms | question=clients qui ont commandé plusieurs fois
[2026-03-30 10:34:34] uuid=0104bb89-7454-44ba-967b-68321b80d530 | status=success | template=get_clients_multiple_commandes | rows=2 | duration=2670.56ms | question=liste des clients multi-commandes
[2026-03-30 10:34:39] uuid=174406cb-e8fe-43f7-9e03-f84d9bfe75e7 | status=success | template=get_clients_multiple_commandes | rows=2 | duration=2599.02ms | question=clients avec au moins 2 achats
[2026-03-30 10:46:57] uuid=6cbba861-9f1f-4f3b-9a86-e588a3e6342c | status=success | template=get_factures_between | rows=100 | duration=727.11ms | question=factures entre 2026-01-01 et 2026-01-31
[2026-03-30 10:47:00] uuid=5bc9e647-7463-4894-86ea-2665af291091 | status=success | template=get_factures_between | rows=100 | duration=181.12ms | question=factures entre 2025-12-01 et 2026-02-28
[2026-03-30 10:47:02] uuid=65a921c1-5cd0-4f5a-bd8a-58177368db77 | status=success | template=get_factures_between | rows=15 | duration=181.66ms | question=factures entre 2026-01-15 et 2026-02-15
[2026-03-30 10:47:06] uuid=dd700d5f-3a38-42bb-8cef-839a840aa36c | status=success | template=get_total_ventes_mois | rows=1 | duration=181.01ms | question=liste des factures de décembre 2025
[2026-03-30 10:47:09] uuid=b0a24cac-4e3e-4443-a55b-9580221cf940 | status=success | template=get_factures_non_payees | rows=50 | duration=183.7ms | question=factures non payées
[2026-03-30 10:47:16] uuid=27bf02f6-30cd-4092-99db-6026bedfa463 | status=success | template=get_factures_non_payees | rows=50 | duration=2757.41ms | question=quelles factures ne sont pas encore réglées
[2026-03-30 10:47:20] uuid=d6607407-933f-4bd0-a27e-98602bc99b5d | status=success | template=get_factures_non_payees | rows=50 | duration=2646.05ms | question=factures en attente de paiement
[2026-03-30 10:47:27] uuid=7cecff70-76c0-440c-be47-86e060bb43d0 | status=success | template=get_factures_non_payees | rows=50 | duration=4511.97ms | question=montrer les factures non soldées
[2026-03-30 10:47:29] uuid=b3063b73-edc4-497c-97fe-0618c6dda89c | status=success | template=get_factures_partiellement_payees | rows=6 | duration=182.2ms | question=factures partiellement payées
[2026-03-30 10:47:36] uuid=88eb5c3f-b614-4d93-8607-cc0bfbf0b142 | status=success | template=get_factures_non_payees | rows=50 | duration=2921.34ms | question=factures dont le solde restant est positif
[2026-03-30 10:47:41] uuid=581d71bd-2ee6-4e42-8abf-4cd939fef37c | status=success | template=get_factures_partiellement_payees | rows=6 | duration=2629.9ms | question=factures incomplètement réglées
[2026-03-30 10:47:45] uuid=2f157cd8-7203-4530-b893-b69485f7335c | status=success | template=get_clients_multiple_commandes | rows=2 | duration=195.53ms | question=clients avec plus de 2 commandes
[2026-03-30 10:47:48] uuid=84bf8159-92fc-44a1-89ff-4f83b2ca03f5 | status=success | template=get_clients_multiple_commandes | rows=2 | duration=204.16ms | question=clients ayant passé plus de 3 commandes
[2026-03-30 10:47:53] uuid=f2492565-e4d2-4b50-a874-849774fc29b6 | status=success | template=get_clients_multiple_commandes | rows=2 | duration=2726.7ms | question=clients qui ont commandé plusieurs fois
[2026-03-30 10:47:57] uuid=ab6ef67a-b592-4ea4-91be-5809fa09f090 | status=success | template=get_clients_multiple_commandes | rows=2 | duration=2444.74ms | question=liste des clients multi-commandes
[2026-03-30 10:48:05] uuid=7620a354-1ab9-4b7d-b253-172c9fb86ef3 | status=success | template=get_clients_multiple_commandes | rows=2 | duration=5224.19ms | question=clients avec au moins 2 achats
[2026-03-30 10:48:07] uuid=75cef5fd-9818-42bd-8c30-c5e949dc442f | status=success | template=get_produits_stock_faible | rows=51 | duration=180.39ms | question=produits avec stock inférieur à 5
[2026-03-30 10:48:09] uuid=70d628d7-e65b-44d5-bea7-65fd744db513 | status=success | template=get_produits_stock_faible | rows=51 | duration=181.35ms | question=produits stock inférieur à 10
[2026-03-30 10:48:16] uuid=11fc8834-a445-4453-850c-28cbed644ed1 | status=success | template=get_produits_stock_faible | rows=51 | duration=181.59ms | question=produits avec moins de 3 unités en stock
[2026-03-30 10:48:18] uuid=c3cd6757-fded-4672-9a54-e4685c6c9949 | status=success | template=get_total_ventes_mois | rows=1 | duration=181.19ms | question=chiffre d affaires de janvier 2026
[2026-03-30 10:48:20] uuid=ac6ab03e-c27b-4570-b27b-9047da2dbbef | status=success | template=get_total_ventes_mois | rows=1 | duration=181.3ms | question=chiffre d affaires de février 2026
[2026-03-30 10:48:22] uuid=8d97f1cd-2b08-4443-a818-a33c54f23f64 | status=success | template=get_total_ventes_mois | rows=1 | duration=179.31ms | question=CA du mois de mars 2026
[2026-03-30 10:48:42] uuid=ffc72ac3-f872-40fe-9cbf-6e3097d0382b | status=success | template=get_factures_non_payees | rows=50 | duration=185.44ms | question=factures non payées
[2026-03-30 10:48:50] uuid=35cc94e6-1208-48b3-bd19-a89603f07bfb | status=success | template=get_factures_non_payees | rows=50 | duration=3644.53ms | question=quelles factures ne sont pas encore réglées
[2026-03-30 10:48:55] uuid=c46f2420-cbf7-443f-83a2-f51e648c9f62 | status=success | template=get_factures_non_payees | rows=50 | duration=3123.72ms | question=factures en attente de paiement
[2026-03-30 10:49:00] uuid=cb0aa7ec-8222-4ecb-9442-34b908b05d3d | status=success | template=get_factures_non_payees | rows=50 | duration=3389.86ms | question=montrer les factures non soldées
[2026-03-30 10:49:03] uuid=37f0160a-479c-4d19-9a29-d9bac8b71104 | status=success | template=get_factures_partiellement_payees | rows=6 | duration=183.91ms | question=factures partiellement payées
[2026-03-30 10:49:11] uuid=a01d02ac-9818-4c5a-bef8-6bb5ae4339d7 | status=success | template=get_factures_non_payees | rows=50 | duration=4677.81ms | question=factures dont le solde restant est positif
[2026-03-30 10:50:04] uuid=bb508488-587b-478e-8cc5-eba081e29295 | status=success | template=get_factures_non_payees | rows=50 | duration=202.75ms | question=factures non payées
[2026-03-30 10:50:17] uuid=6165de28-fc7e-49cb-9c3c-a385f53b7243 | status=success | template=get_factures_partiellement_payees | rows=6 | duration=182.52ms | question=factures partiellement payées
[2026-03-30 11:15:26] uuid=1b77aa11-9d4a-4874-af2a-f98b0d9ff51d | status=success | template=get_factures_between | rows=100 | duration=1410.98ms | question=factures entre 2026-01-01 et 2026-01-31
[2026-03-30 11:15:29] uuid=5e3b36a1-333a-42c6-9fce-f43e199d11a3 | status=success | template=get_factures_between | rows=100 | duration=1145.35ms | question=factures entre 2025-12-01 et 2026-02-28
[2026-03-30 11:15:31] uuid=a0d9c940-6941-4b9c-ae23-e3453ebc4915 | status=error | template=get_factures_non_payees | rows=0 | duration=140.2ms | question=factures non payées
[2026-03-30 11:15:37] uuid=14ac0698-8db0-45f8-8683-ebf896b593dc | status=success | template=get_factures_non_payees | rows=52 | duration=3335.02ms | question=liste des factures impayées
[2026-03-30 11:15:44] uuid=63ee0040-3c12-46e4-b601-0985438c7325 | status=success | template=get_factures_partiellement_payees | rows=6 | duration=4718.58ms | question=factures partiellement payées
[2026-03-30 11:15:46] uuid=6044ef63-9b60-4c41-b256-b9222ceea8db | status=success | template=get_clients_multiple_commandes | rows=2 | duration=403.15ms | question=clients avec plus de 2 commandes
[2026-03-30 11:15:49] uuid=9065ca27-3c18-438c-afc5-4141f1f60248 | status=success | template=get_clients_multiple_commandes | rows=2 | duration=413.88ms | question=clients ayant passé plus de 3 commandes
[2026-03-30 11:15:51] uuid=41c25adb-97d3-486e-bd06-3f017ff023bb | status=success | template=get_produits_stock_faible | rows=51 | duration=394.92ms | question=produits avec stock inférieur à 5
[2026-03-30 11:16:08] uuid=544f10c9-f856-468d-9e61-ad7d566f7d34 | status=success | template=get_produits_stock_faible | rows=51 | duration=14755.17ms | question=produits stock inférieur à 10
[2026-03-30 11:16:32] uuid=f17de50e-932d-428b-ade0-5f5183c1756a | status=success | template=get_total_ventes_mois | rows=1 | duration=21590.74ms | question=chiffre d affaires de janvier 2026
[2026-03-30 11:17:09] uuid=d10de0f9-0541-4176-9714-a37a7bc73c81 | status=success | template=get_total_ventes_mois | rows=1 | duration=34738.09ms | question=chiffre d affaires de février 2026
[2026-03-30 11:18:13] uuid=d44d3eb0-5707-4db7-9fea-0f83559282e1 | status=error | template=get_factures_non_payees | rows=0 | duration=37462.54ms | question=factures non payées
[2026-03-30 11:18:14] uuid=f33328c7-e6d1-4bf8-b919-3520915d263b | status=error | template=get_factures_non_payees | rows=0 | duration=6214.82ms | question=liste des factures impayées
[2026-03-30 11:19:43] uuid=d4679bf2-7df7-44a2-b6f1-a4b5163a7319 | status=error | template=get_factures_non_payees | rows=0 | duration=5152.59ms | question=factures non payées
[2026-03-30 11:19:50] uuid=260758fe-977e-4968-92db-4465d43f61e6 | status=error | template=get_factures_non_payees | rows=0 | duration=5023.94ms | question=liste des factures impayées
[2026-03-30 11:19:57] uuid=de03ba80-68e9-4bc8-997a-c21694e00f7a | status=error | template=get_factures_partiellement_payees | rows=0 | duration=5027.58ms | question=factures partiellement payées
[2026-03-30 11:20:26] uuid=fa149634-aa9c-4b4c-a04d-ad674a444983 | status=error | template=get_factures_partiellement_payees | rows=0 | duration=129956.69ms | question=factures partiellement payées
[2026-03-30 11:20:46] uuid=79e25e59-174d-4297-9051-e9c38d8f00ca | status=error | template=get_factures_between | rows=0 | duration=5118.58ms | question=factures entre 2026-01-01 et 2026-01-31
[2026-03-30 11:20:53] uuid=1515489f-5cb9-4c10-92c1-8dd8673859d1 | status=error | template=get_factures_between | rows=0 | duration=5022.51ms | question=factures entre 2025-12-01 et 2026-02-28
[2026-03-30 11:21:00] uuid=1cc89ffb-0269-4b15-970b-b3f4c46c722a | status=error | template=get_factures_non_payees | rows=0 | duration=5042.63ms | question=factures non payées
[2026-03-30 11:21:07] uuid=1bb4b0cb-dc81-4bd4-882c-33abf4e5c08c | status=error | template=get_factures_non_payees | rows=0 | duration=5026.29ms | question=liste des factures impayées
[2026-03-30 11:21:15] uuid=b035db40-9403-43b8-b615-6af723560c84 | status=error | template=get_factures_partiellement_payees | rows=0 | duration=5031.4ms | question=factures partiellement payées
[2026-03-30 11:23:19] uuid=5e355851-8a42-43d2-ba14-22a080d43fd1 | status=success | template=get_factures_between | rows=100 | duration=922.07ms | question=factures entre 2026-01-01 et 2026-01-31
[2026-03-30 11:23:22] uuid=ed0b77f7-8eea-4faf-a8a0-8e6c02e2de8a | status=success | template=get_factures_between | rows=100 | duration=1102.18ms | question=factures entre 2025-12-01 et 2026-02-28
[2026-03-30 11:23:24] uuid=01509a80-b1b3-401f-b14f-f82cdc23bf31 | status=success | template=get_factures_between | rows=15 | duration=373.26ms | question=factures entre 2026-01-15 et 2026-02-15
[2026-03-30 11:23:29] uuid=680c43e5-523b-4ecc-ae08-a15166fc86a9 | status=success | template=get_total_ventes_mois | rows=1 | duration=531.02ms | question=liste des factures de décembre 2025
[2026-03-30 11:23:31] uuid=b7cab959-83fe-458f-9691-80b5281ea433 | status=success | template=get_factures_non_payees | rows=52 | duration=295.69ms | question=factures non payées
[2026-03-30 11:23:48] uuid=80a97c0a-a0f2-461e-8043-3a6e326c33bb | status=success | template=get_factures_partiellement_payees | rows=6 | duration=958.87ms | question=factures partiellement payées
[2026-03-30 11:24:25] uuid=e94d4dcb-6a27-4a74-8a56-bbd81f57087e | status=success | template=get_produits_stock_faible | rows=51 | duration=2472.73ms | question=produits avec moins de 3 unités en stock
[2026-03-30 11:24:27] uuid=77e12af7-7e63-4d7d-874f-f1bc5e34329c | status=success | template=get_total_ventes_mois | rows=1 | duration=464.99ms | question=chiffre d affaires de janvier 2026
[2026-03-30 11:24:30] uuid=1706c36e-271a-4a85-b31a-87f51d84c8bc | status=success | template=get_total_ventes_mois | rows=1 | duration=393.94ms | question=chiffre d affaires de février 2026
[2026-03-30 11:24:32] uuid=f1cc5bca-2e31-4c89-82d5-abfbdc27ddd5 | status=success | template=get_total_ventes_mois | rows=1 | duration=206.86ms | question=CA du mois de mars 2026
[2026-03-30 11:24:52] uuid=be6459e1-c7a3-4e9c-9b92-79d76393f4d8 | status=success | template=get_factures_non_payees | rows=52 | duration=1615.9ms | question=factures non payées
[2026-03-30 11:25:05] uuid=a8320e5b-657f-443c-9d74-f6408fb930ea | status=success | template=get_factures_partiellement_payees | rows=6 | duration=197.84ms | question=factures partiellement payées
[2026-03-30 11:26:03] uuid=e4ebad0a-8f25-47f0-af31-484e5e6ca9a2 | status=success | template=get_factures_non_payees | rows=52 | duration=231.98ms | question=factures non payées
[2026-03-30 11:26:17] uuid=36e7d167-bc11-4096-a55f-5409f2cc8013 | status=success | template=get_factures_partiellement_payees | rows=6 | duration=215.27ms | question=factures partiellement payées
[2026-03-30 11:26:29] uuid=130079d7-3752-4f0c-812d-3b337282c2b1 | status=success | template=get_clients_multiple_commandes | rows=2 | duration=606.79ms | question=clients avec plus de 2 commandes
[2026-03-30 11:26:31] uuid=ed117e6a-e77f-4f91-bb4c-046cb5a468ac | status=success | template=get_clients_multiple_commandes | rows=2 | duration=209.23ms | question=clients ayant passé plus de 3 commandes
[2026-03-30 11:26:44] uuid=e7e30838-fcbb-40fd-a745-a423bc1f1d9f | status=success | template=get_produits_stock_faible | rows=51 | duration=804.24ms | question=produits avec stock inférieur à 5
[2026-03-30 11:26:47] uuid=5bfdfad5-d7ed-4a21-b6ba-a6424906a564 | status=success | template=get_produits_stock_faible | rows=51 | duration=858.19ms | question=produits stock inférieur à 10
[2026-03-30 15:02:12] uuid=4184c4be-09e3-43c6-b1fa-5c0ef12da8d3 | status=success | template=get_factures_between | rows=57 | duration=512.04ms | question=factures entre 2026-03-01 et 2026-03-30
[2026-03-30 15:02:27] uuid=043c6bf0-53ed-4e5c-bea1-c031d93b68ec | status=success | template=get_factures_between | rows=100 | duration=194.57ms | question=factures entre 2026-01-01 et 2026-03-30
[2026-04-02 09:24:46] uuid=ded2088a-539f-49ac-97e8-e39a85c40d29 | status=success | template=get_factures_non_payees | rows=50 | duration=873.37ms | question=Factures non payées
[2026-04-02 09:25:27] uuid=641e840b-f038-4942-86d1-6cb03c417529 | status=success | template=get_factures_between | rows=100 | duration=673.42ms | question=Factures entre 2026-01-01 et 2026-02-28
[2026-04-02 09:30:48] uuid=9b565c54-394b-4497-a5e1-9beace07c278 | status=success | template=get_produits_stock_faible | rows=67 | duration=733.36ms | question=Produits avec stock inférieur à 5
[2026-04-02 09:33:40] uuid=814ca939-f301-4720-b9ed-3c761a869708 | status=success | template=get_clients_multiple_commandes | rows=3 | duration=751.33ms | question=Clients avec plus de 2 commandes
[2026-04-02 09:35:08] uuid=979df235-f71f-42a5-a4f7-fc86daf556f3 | status=success | template=get_produits_stock_faible | rows=67 | duration=660.57ms | question=Produits avec stock inférieur à 5
[2026-04-02 09:35:23] uuid=7ea5e1b2-9246-4130-b72d-a88d737659c8 | status=success | template=get_factures_non_payees | rows=50 | duration=190.4ms | question=factures non payées
[2026-04-02 09:35:40] uuid=77bd0058-cd6e-48a8-a48b-2ad4f159ae1f | status=success | template=get_clients_multiple_commandes | rows=3 | duration=174.71ms | question=Clients avec plus de 2 commandes
[2026-04-02 09:37:12] uuid=6b88cb3b-ddf4-4baf-810d-81382c85d7b6 | status=success | template=get_factures_non_payees | rows=50 | duration=183.55ms | question=Factures non payées
[2026-04-02 09:37:44] uuid=56fb5544-7abc-4916-bb7f-788635cdf585 | status=success | template=get_factures_partiellement_payees | rows=6 | duration=232.32ms | question=factures partiellement payées
[2026-04-02 09:38:14] uuid=b4da5e10-2623-4bdb-9011-3cc75abff7c1 | status=success | template=get_total_ventes_mois | rows=1 | duration=178.53ms | question=Chiffre d'affaires de janvier 2026
[2026-04-02 09:38:39] uuid=baf97796-57ca-416d-9429-ccf65ba62118 | status=success | template=get_factures_between | rows=0 | duration=175.84ms | question=factures entre 2026-04-01 et 2026-04-02
[2026-04-02 09:38:51] uuid=7852e68c-6b96-4f5c-a12b-e34f1001b740 | status=success | template=get_factures_between | rows=100 | duration=176.89ms | question=factures entre 2026-01-01 et 2026-12-31
[2026-04-02 09:40:45] uuid=aa1b6df5-ee44-432b-a006-d2d072be6bc7 | status=success | template=get_produits_stock_faible | rows=67 | duration=176.95ms | question=Produits avec stock inférieur à 5
[2026-04-02 09:45:31] uuid=df2f9394-fb90-459b-acd4-cd00195e0625 | status=success | template=get_factures_non_payees | rows=50 | duration=749.95ms | question=Factures non payées
[2026-04-02 10:14:16] uuid=597ed5c7-308b-4dc6-8dd3-3000d0b0aad2 | status=success | template=get_factures_between | rows=99 | duration=6195.25ms | question=donne moi les factures entre 2026-02-01 et 2026-02-28
[2026-04-02 10:14:17] uuid=dfac0e3a-56f9-4fef-9c03-aedcb5e6e0ff | status=success | template=get_factures_between | rows=100 | duration=1339.98ms | question=factures du 2026-01-01 au 2026-01-31
[2026-04-02 10:14:21] uuid=95db49b7-eb30-4a2d-981b-bce469424f65 | status=success | template=get_factures_between | rows=100 | duration=3978.67ms | question=liste des factures entre 2026-01-15 et 2026-03-15
[2026-04-02 10:14:21] uuid=5278e89e-6dec-4afc-9ad0-27eefc10cb39 | status=success | template=get_factures_par_client | rows=4 | duration=193.64ms | question=factures du client mondher
[2026-04-02 10:14:21] uuid=6f14b250-e695-4a7c-8559-72fd404b5df9 | status=success | template=get_factures_par_client | rows=0 | duration=191.56ms | question=affiche les factures pour le client alpha
[2026-04-02 10:14:22] uuid=9ddcb853-9873-45f4-999b-36438bad2572 | status=success | template=get_factures_non_payees | rows=50 | duration=222.32ms | question=factures non payees
[2026-04-02 10:14:22] uuid=3faa522f-876f-4bbb-9f69-a755304fc812 | status=success | template=get_factures_partiellement_payees | rows=6 | duration=202.08ms | question=factures partiellement payees
[2026-04-02 10:14:22] uuid=5abed3ac-9407-490a-83f9-3c536a95aaf8 | status=success | template=get_factures_negatives | rows=30 | duration=201.17ms | question=factures negatives
[2026-04-02 10:14:22] uuid=a64f75b9-eb30-44aa-9998-0ad286d7d17d | status=success | template=get_clients_multiple_commandes | rows=3 | duration=195.99ms | question=clients avec plus de 2 commandes
[2026-04-02 10:14:22] uuid=0118c8f0-6913-4299-bc59-57a251e42a03 | status=success | template=get_clients_multiple_commandes | rows=2 | duration=191.07ms | question=quels clients ont passe plus de 5 commandes
[2026-04-02 10:14:23] uuid=5d4eee86-8443-471d-9e07-f66e47002717 | status=success | template=get_produits_stock_faible | rows=67 | duration=198.77ms | question=produits avec stock inferieur a 5
[2026-04-02 10:14:23] uuid=edead486-7352-4112-9f27-0c93b80cd947 | status=success | template=get_total_ventes_mois | rows=1 | duration=190.58ms | question=chiffre d affaires de janvier 2026
[2026-04-02 10:14:23] uuid=ab42483f-ed17-424a-8c16-13d4369d108f | status=success | template=get_total_ventes_mois | rows=1 | duration=235.33ms | question=total des ventes pour fevrier 2026
[2026-04-02 10:14:23] uuid=862d7dd4-6fd5-4731-93e6-cce5e33d9142 | status=success | template=get_total_ventes_mois | rows=1 | duration=309.38ms | question=CA du mois de mars 2026
[2026-04-02 10:14:24] uuid=04088c8d-f5c2-4f8d-87b0-192a38cc6257 | status=success | template=get_produits_stock_faible | rows=70 | duration=198.27ms | question=produits dont le stock est inferieur a 10
[2026-04-02 10:14:24] uuid=f02373db-ec99-4d26-a6c1-4bdc0127ae39 | status=success | template=get_clients_multiple_commandes | rows=2 | duration=249.48ms | question=clients fideles avec plus de 3 commandes
[2026-04-02 10:14:24] uuid=a507fe34-9fd9-476e-8bd9-cba24a2ba9ed | status=success | template=get_total_ventes_mois | rows=1 | duration=241.3ms | question=revenus du mois de decembre 2025
[2026-04-02 10:14:24] uuid=ba45028d-e071-418d-9184-df15bafe73e0 | status=success | template=get_total_ventes_mois | rows=0 | duration=212.17ms | question=ca de novembre 2025
[2026-04-02 10:14:34] uuid=118511a5-cdde-4dcf-b882-3e42d20fcc11 | status=success | template=get_factures_non_payees | rows=50 | duration=1610.43ms | question=factures non payees
[2026-04-02 10:14:34] uuid=ab7fb0d9-9ac2-45dc-bded-67072b836921 | status=success | template=get_factures_partiellement_payees | rows=6 | duration=188.68ms | question=factures partiellement payees
[2026-04-02 10:14:35] uuid=d5d4ef77-d916-4c1c-b0a2-d362591d0243 | status=success | template=get_factures_negatives | rows=30 | duration=453.11ms | question=affiche les avoirs
[2026-04-02 10:14:36] uuid=f08d406f-daed-4714-aebf-4b675718b33e | status=success | template=get_produits_stock_faible | rows=67 | duration=1134.85ms | question=produits en rupture de stock
[2026-04-02 10:14:36] uuid=890c996d-1b82-419f-8462-9c4a5f0bfc5e | status=success | template=get_clients_multiple_commandes | rows=2 | duration=231.16ms | question=clients fideles avec plus de 3 commandes
[2026-04-02 10:14:37] uuid=8fd9249a-84c0-4dd5-9c45-aeb70442ba9f | status=success | template=get_factures_between | rows=100 | duration=749.64ms | question=factures entre 2026-01-01 et 2026-01-31
[2026-04-02 10:14:37] uuid=ee04103e-089d-4ea8-b541-da57b356efec | status=success | template=get_total_ventes_mois | rows=1 | duration=200.23ms | question=chiffre d affaires de janvier 2026
[2026-04-02 10:14:38] uuid=a6659fc2-2960-4bed-a607-41594bf21c52 | status=success | template=get_total_ventes_mois | rows=1 | duration=754.08ms | question=total des ventes pour fevrier 2026
[2026-04-02 10:14:38] uuid=1192a783-64e0-4ea0-96a7-346a13998ad0 | status=success | template=get_total_ventes_mois | rows=1 | duration=191.31ms | question=ca du mois de mars 2026
[2026-04-02 10:14:39] uuid=f33a7702-eccb-4fa1-beb6-bace98b5c234 | status=success | template=get_factures_between | rows=99 | duration=575.77ms | question=factures entre 2026-02-01 et 2026-02-28
[2026-04-02 10:14:39] uuid=6b398f07-518f-467c-8c45-94b822edfad5 | status=success | template=get_factures_non_payees | rows=50 | duration=886.59ms | question=factures non payees
[2026-04-02 10:14:40] uuid=f5c1abc2-fd57-457d-9f8a-e34ff9eac97d | status=success | template=get_produits_stock_faible | rows=67 | duration=204.26ms | question=produits en rupture de stock
[2026-04-02 10:14:40] uuid=6c5199d2-49de-47dc-9063-a74956678203 | status=success | template=get_clients_multiple_commandes | rows=2 | duration=219.6ms | question=clients fideles avec plus de 3 commandes
[2026-04-02 10:14:54] uuid=14f40b37-ebe4-4d9b-a5ac-e9eaef4d3aed | status=success | template=get_factures_between | rows=100 | duration=2758.5ms | question=factures entre 2026-01-01 et 2026-01-31
[2026-04-02 10:14:57] uuid=dc969661-3d52-4a0e-ad31-d7f740d9f03b | status=success | template=get_factures_between | rows=100 | duration=1108.4ms | question=factures entre 2025-12-01 et 2026-02-28
[2026-04-02 10:15:00] uuid=16703304-9cdf-4f05-b90c-841dcc4f3b0f | status=success | template=get_factures_non_payees | rows=50 | duration=643.4ms | question=factures non payées
[2026-04-02 10:15:06] uuid=3b990c48-483e-4d2b-97aa-c7ef370c88c1 | status=success | template=get_factures_partiellement_payees | rows=6 | duration=1709.53ms | question=factures partiellement payées
[2026-04-02 10:15:08] uuid=4671995e-e796-4301-8520-6f26da27bc1a | status=success | template=get_clients_multiple_commandes | rows=3 | duration=562.92ms | question=clients avec plus de 2 commandes
[2026-04-02 10:15:12] uuid=c506cedd-76bd-4c13-8d4b-8b2f2bd3aa8f | status=success | template=get_clients_multiple_commandes | rows=2 | duration=1542.84ms | question=clients ayant passé plus de 3 commandes
[2026-04-02 10:15:15] uuid=09c78440-9f78-446b-95c8-6ed0dc10ff0b | status=success | template=get_produits_stock_faible | rows=67 | duration=824.55ms | question=produits avec stock inférieur à 5
[2026-04-02 10:15:18] uuid=ed14b09e-ccdc-483a-bd81-c45d4c59b585 | status=success | template=get_produits_stock_faible | rows=70 | duration=1031.58ms | question=produits stock inférieur à 10
[2026-04-02 10:15:22] uuid=e92fac6a-61a5-4f83-8f5c-9a51d50c9d16 | status=success | template=get_total_ventes_mois | rows=1 | duration=1161.01ms | question=chiffre d affaires de janvier 2026
[2026-04-02 10:15:24] uuid=c4510ef9-16ce-483e-bd1c-35fcf862f2b7 | status=success | template=get_total_ventes_mois | rows=1 | duration=199.0ms | question=chiffre d affaires de février 2026
[2026-04-02 10:16:03] uuid=f3ca0898-fd7d-4c0c-b2e0-1496b94f8eac | status=success | template=get_factures_non_payees | rows=50 | duration=405.55ms | question=factures non payées
[2026-04-02 10:16:08] uuid=ffbfcd9f-5767-4ae0-bd53-c48089615619 | status=success | template=get_factures_partiellement_payees | rows=6 | duration=1217.6ms | question=factures partiellement payées
[2026-04-02 10:17:02] uuid=d7da38d5-f901-429d-8328-8ae98a3ccdcc | status=success | template=get_factures_between | rows=15 | duration=1633.72ms | question=factures entre 2026-01-15 et 2026-02-15
[2026-04-02 10:17:06] uuid=929ee7f6-bdd0-462a-a272-0b33b9e34c4f | status=success | template=get_total_ventes_mois | rows=1 | duration=188.05ms | question=liste des factures de décembre 2025
[2026-04-02 10:17:09] uuid=651d08af-795c-4dad-af44-cca1148d38ec | status=success | template=get_factures_non_payees | rows=50 | duration=247.73ms | question=factures non payées
[2026-04-02 10:17:23] uuid=13defa34-393e-4c73-839a-d4beac34e665 | status=success | template=get_factures_partiellement_payees | rows=6 | duration=189.44ms | question=factures partiellement payées
[2026-04-02 10:17:57] uuid=e338e006-6482-4b61-98a7-82a4aea1908f | status=success | template=get_produits_stock_faible | rows=64 | duration=224.52ms | question=produits avec moins de 3 unités en stock
[2026-04-02 10:18:03] uuid=152e37b6-bd4e-4275-8186-4b2f3e4a1216 | status=success | template=get_total_ventes_mois | rows=1 | duration=186.05ms | question=CA du mois de mars 2026
[2026-04-02 10:18:29] uuid=d0af45dc-94f3-4f2e-84bd-340a2ae21e80 | status=success | template=get_factures_non_payees | rows=50 | duration=2419.16ms | question=factures non payées
[2026-04-02 10:18:43] uuid=4447f69d-fe2a-4918-983d-6532e5b73efe | status=success | template=get_factures_partiellement_payees | rows=6 | duration=203.55ms | question=factures partiellement payées
[2026-04-02 10:19:44] uuid=df791ce9-546d-4b84-87fd-14f96aae90ce | status=success | template=get_factures_non_payees | rows=50 | duration=1445.88ms | question=factures non payées
[2026-04-02 10:19:59] uuid=5e0ece43-26fe-4fb1-ae12-cacbe19627da | status=success | template=get_factures_partiellement_payees | rows=6 | duration=1345.07ms | question=factures partiellement payées
[2026-04-02 10:20:35] uuid=74bcb2f3-4f70-43f6-9ce1-49c98384a75d | status=success | template=get_total_ventes_mois | rows=1 | duration=198.81ms | question=chiffre d affaires de janvier 2026
[2026-04-02 10:20:38] uuid=31249f22-81eb-4e05-9ff8-dd69b40a810a | status=success | template=get_total_ventes_mois | rows=1 | duration=193.15ms | question=chiffre d affaires de février 2026
[2026-04-02 10:21:16] uuid=4088b89b-aafc-45d8-b917-03094b3825a4 | status=success | template=get_factures_non_payees | rows=50 | duration=323.78ms | question=factures non payees
[2026-04-02 10:21:16] uuid=5b7bfaef-ac85-4e13-bb86-449ac4ba1e17 | status=success | template=get_factures_non_payees | rows=50 | duration=511.3ms | question=factures non payees
[2026-04-02 10:21:16] uuid=87b8088a-f00d-48e4-b8e9-406a9c66e228 | status=success | template=get_factures_non_payees | rows=50 | duration=438.85ms | question=factures non payees
[2026-04-02 10:21:16] uuid=6d33013d-1b0a-4520-9f29-e327fb9fb868 | status=success | template=get_factures_non_payees | rows=50 | duration=462.41ms | question=factures non payees
[2026-04-02 10:22:16] uuid=8cd14951-38d1-4df4-bae1-0f884e7cf603 | status=success | template=get_factures_non_payees | rows=50 | duration=212.02ms | question=factures non payees
[2026-04-02 10:22:16] uuid=a419bffc-8619-450a-8151-0e8e834424a7 | status=success | template=get_factures_non_payees | rows=50 | duration=214.47ms | question=factures non payees
[2026-04-02 10:22:16] uuid=7ab1b513-6d99-4efe-9de7-026f631b9470 | status=success | template=get_factures_non_payees | rows=50 | duration=218.09ms | question=factures non payees
[2026-04-02 10:22:16] uuid=794fba7b-4e72-4d48-bfe1-feb4126446a6 | status=success | template=get_factures_non_payees | rows=50 | duration=202.06ms | question=factures non payees
[2026-04-02 10:22:17] uuid=85ce8f2b-8bb4-42d9-91f4-7448c9de6ccc | status=success | template=get_factures_non_payees | rows=50 | duration=447.01ms | question=factures non payees
[2026-04-02 10:22:17] uuid=5483a63a-0955-4c54-9b09-ff0cd3da79ae | status=success | template=get_factures_non_payees | rows=50 | duration=453.06ms | question=factures non payees
[2026-04-02 10:22:17] uuid=5d6f275c-5705-47c4-a75d-c57740967815 | status=success | template=get_factures_non_payees | rows=50 | duration=454.44ms | question=factures non payees
[2026-04-02 10:22:17] uuid=372db30a-b6f2-412a-8543-ade8d54b8d52 | status=success | template=get_factures_non_payees | rows=50 | duration=443.59ms | question=factures non payees
[2026-04-02 10:22:17] uuid=11f95d00-c1bd-4b87-92ff-90f13905a8cf | status=success | template=get_factures_non_payees | rows=50 | duration=453.76ms | question=factures non payees
[2026-04-02 10:22:17] uuid=0a29ebf1-1fb1-484e-9c53-75e73e5f1886 | status=success | template=get_factures_non_payees | rows=50 | duration=462.44ms | question=factures non payees
[2026-04-02 10:22:33] uuid=5d92a099-f849-442d-a48b-19b21541e82c | status=success | template=get_factures_between | rows=100 | duration=326.47ms | question=factures entre 2026-01-01 et 2026-01-31
[2026-04-02 10:22:35] uuid=151dacf6-fd7d-42e1-9de9-773bc4e2dfc5 | status=success | template=get_factures_between | rows=100 | duration=200.66ms | question=factures entre 2025-12-01 et 2026-02-28
[2026-04-02 10:22:42] uuid=0f50b420-13a2-4d4e-83c1-d99b3ea8bf23 | status=success | template=get_factures_partiellement_payees | rows=6 | duration=202.49ms | question=factures partiellement payées
[2026-04-02 10:47:45] uuid=55f2a21e-289e-4e1a-8dfc-e877525cb9e6 | status=success | template=get_factures_between | rows=99 | duration=954.98ms | question=donne moi les factures entre 2026-02-01 et 2026-02-28
[2026-04-02 10:47:45] uuid=890c6f03-dae6-404c-bfd7-4df134db72f9 | status=success | template=get_factures_between | rows=100 | duration=215.9ms | question=factures du 2026-01-01 au 2026-01-31
[2026-04-02 10:47:45] uuid=b93c0e5f-32ae-434c-9873-1fc399248485 | status=success | template=get_factures_between | rows=100 | duration=203.6ms | question=liste des factures entre 2026-01-15 et 2026-03-15
[2026-04-02 10:47:45] uuid=ccd8cd69-6f6c-461e-8121-9ab61d3d161b | status=success | template=get_factures_par_client | rows=4 | duration=233.06ms | question=factures du client mondher
[2026-04-02 10:47:46] uuid=35c359b2-16a6-4973-bbd4-46a42f3fc12a | status=success | template=get_factures_par_client | rows=0 | duration=210.36ms | question=affiche les factures pour le client alpha
[2026-04-02 10:47:46] uuid=49fe8198-285c-477b-8517-9e96cf24b1a7 | status=success | template=get_factures_non_payees | rows=51 | duration=206.73ms | question=factures non payees
[2026-04-02 10:47:46] uuid=696d9d60-ca4a-4930-b97c-4f338e701732 | status=success | template=get_factures_partiellement_payees | rows=6 | duration=211.72ms | question=factures partiellement payees
[2026-04-02 10:47:46] uuid=a110e6fe-1be2-411c-8d22-493a2f942d9e | status=success | template=get_factures_negatives | rows=30 | duration=213.06ms | question=factures negatives
[2026-04-02 10:47:46] uuid=24ca1feb-4e22-44fe-9554-2c1623b2f689 | status=success | template=get_clients_multiple_commandes | rows=3 | duration=199.23ms | question=clients avec plus de 2 commandes
[2026-04-02 10:47:47] uuid=a68bfcca-0c9b-4010-9a9e-44762051b9a0 | status=success | template=get_clients_multiple_commandes | rows=2 | duration=221.64ms | question=quels clients ont passe plus de 5 commandes
[2026-04-02 10:47:47] uuid=1cb98ec9-eb71-4dfe-bc5c-c016822f1fae | status=success | template=get_produits_stock_faible | rows=67 | duration=244.75ms | question=produits avec stock inferieur a 5
[2026-04-02 10:47:47] uuid=9b198ec5-949d-4d1d-8fb4-3b787158ef4c | status=success | template=get_total_ventes_mois | rows=1 | duration=235.22ms | question=chiffre d affaires de janvier 2026
[2026-04-02 10:47:47] uuid=6a730ca7-4d23-49a0-b056-962ef4667ca0 | status=success | template=get_total_ventes_mois | rows=1 | duration=233.93ms | question=total des ventes pour fevrier 2026
[2026-04-02 10:47:48] uuid=93ad6ed2-db3c-45e0-b0ff-cf1dbc25234b | status=success | template=get_total_ventes_mois | rows=1 | duration=192.99ms | question=CA du mois de mars 2026
[2026-04-02 10:47:48] uuid=55c442cd-dd1b-4372-a0ba-d4bf1a2a6371 | status=success | template=get_produits_stock_faible | rows=70 | duration=191.28ms | question=produits dont le stock est inferieur a 10
[2026-04-02 10:47:48] uuid=6944815d-655b-42ce-a10b-63dfb21c3ea7 | status=success | template=get_clients_multiple_commandes | rows=2 | duration=190.31ms | question=clients fideles avec plus de 3 commandes
[2026-04-02 10:47:48] uuid=1ab690d2-bc0e-4c58-9eee-72c88133ab15 | status=success | template=get_total_ventes_mois | rows=1 | duration=193.13ms | question=revenus du mois de decembre 2025
[2026-04-02 10:47:48] uuid=8d396ae6-1f8e-4ce2-a281-32b20f26a6ec | status=success | template=get_total_ventes_mois | rows=0 | duration=210.27ms | question=ca de novembre 2025
[2026-04-02 10:48:07] uuid=ded0035c-d89f-43f2-b997-4b68061f819b | status=success | template=get_factures_non_payees | rows=51 | duration=786.92ms | question=factures non payees
[2026-04-02 10:48:07] uuid=9202e7d7-1f7f-4d26-8cc4-bdcfe538e9e1 | status=success | template=get_factures_partiellement_payees | rows=6 | duration=211.79ms | question=factures partiellement payees
[2026-04-02 10:48:08] uuid=77937a51-fdbc-4b36-bf3f-30bce9b4b35f | status=success | template=get_factures_negatives | rows=30 | duration=211.71ms | question=affiche les avoirs
[2026-04-02 10:48:08] uuid=7b5dc5d1-82a0-46d7-9c2c-762c5ce98748 | status=success | template=get_produits_stock_faible | rows=67 | duration=258.03ms | question=produits en rupture de stock
[2026-04-02 10:48:08] uuid=aaf6ea6d-d67c-4980-9d40-2ce4ddd1f2b7 | status=success | template=get_clients_multiple_commandes | rows=2 | duration=208.86ms | question=clients fideles avec plus de 3 commandes
[2026-04-02 10:48:08] uuid=df984e06-ea0e-4d08-9aea-f86055074bf3 | status=success | template=get_factures_between | rows=100 | duration=225.95ms | question=factures entre 2026-01-01 et 2026-01-31
[2026-04-02 10:48:09] uuid=bf29ed2e-6eb8-4613-ba29-301f44127d62 | status=success | template=get_total_ventes_mois | rows=1 | duration=198.15ms | question=chiffre d affaires de janvier 2026
[2026-04-02 10:48:09] uuid=3e5b464d-2395-41fd-a85a-4e2d14c82739 | status=success | template=get_total_ventes_mois | rows=1 | duration=215.9ms | question=total des ventes pour fevrier 2026
[2026-04-02 10:48:09] uuid=54342820-8402-4c65-a0be-c522ac0e9f88 | status=success | template=get_total_ventes_mois | rows=1 | duration=195.74ms | question=ca du mois de mars 2026
[2026-04-02 10:48:09] uuid=a05c78cd-01c9-4e86-bccc-7365340a1531 | status=success | template=get_factures_between | rows=99 | duration=221.6ms | question=factures entre 2026-02-01 et 2026-02-28
[2026-04-02 10:48:10] uuid=9f99c988-d07e-407c-94d4-451fb39105cc | status=success | template=get_factures_non_payees | rows=51 | duration=226.21ms | question=factures non payees
[2026-04-02 10:48:10] uuid=471fa9da-3bdd-4f0a-af91-691b1c3ebae5 | status=success | template=get_produits_stock_faible | rows=67 | duration=201.06ms | question=produits en rupture de stock
[2026-04-02 10:48:10] uuid=6291cd1e-ec8b-455e-9a65-a4e3612d5bce | status=success | template=get_clients_multiple_commandes | rows=2 | duration=207.55ms | question=clients fideles avec plus de 3 commandes
[2026-04-02 10:48:20] uuid=3ee98bac-cf26-425f-bf0b-7de5c96cef55 | status=success | template=get_factures_between | rows=100 | duration=814.99ms | question=factures entre 2026-01-01 et 2026-01-31
[2026-04-02 10:48:22] uuid=7737e787-c795-47b1-a84f-f0addc3a8fa1 | status=success | template=get_factures_between | rows=100 | duration=220.09ms | question=factures entre 2025-12-01 et 2026-02-28
[2026-04-02 10:48:24] uuid=bd3e6b1f-8f5c-49bd-bf23-b24900362403 | status=success | template=get_factures_non_payees | rows=51 | duration=203.25ms | question=factures non payées
[2026-04-02 10:48:29] uuid=977c5910-dfec-4f49-9a3c-69ddea028ea4 | status=success | template=get_factures_partiellement_payees | rows=6 | duration=192.54ms | question=factures partiellement payées
[2026-04-02 10:48:31] uuid=8e5969a0-021c-4745-8c13-3500ec98d278 | status=success | template=get_clients_multiple_commandes | rows=3 | duration=230.5ms | question=clients avec plus de 2 commandes
[2026-04-02 10:48:33] uuid=176ca308-feee-40a4-ab82-33ffc6c8ca46 | status=success | template=get_clients_multiple_commandes | rows=2 | duration=200.51ms | question=clients ayant passé plus de 3 commandes
[2026-04-02 10:48:36] uuid=89e734a0-bb93-4c22-a4ce-ecbbe817c9db | status=success | template=get_produits_stock_faible | rows=67 | duration=221.13ms | question=produits avec stock inférieur à 5
[2026-04-02 10:48:38] uuid=3e3af9a6-34fd-40dc-91cd-9920d374b943 | status=success | template=get_produits_stock_faible | rows=70 | duration=205.39ms | question=produits stock inférieur à 10
[2026-04-02 10:48:41] uuid=859b50be-c064-4728-bf63-30b088017239 | status=success | template=get_total_ventes_mois | rows=1 | duration=225.32ms | question=chiffre d affaires de janvier 2026
[2026-04-02 10:48:43] uuid=62fd0b9f-1516-43f7-a51a-5d9c91e82e6d | status=success | template=get_total_ventes_mois | rows=1 | duration=395.33ms | question=chiffre d affaires de février 2026
[2026-04-02 10:50:13] uuid=b3de4f4a-1d57-4e26-bc3c-588608f07a77 | status=success | template=get_factures_between | rows=15 | duration=191.0ms | question=factures entre 2026-01-15 et 2026-02-15
[2026-04-02 10:50:15] uuid=0e20976c-db61-445c-a257-ed883bf46dcf | status=success | template=get_factures_between | rows=99 | duration=235.27ms | question=factures entre 2026-02-01 et 2026-02-28
[2026-04-02 10:50:17] uuid=f737a916-df19-4b78-bc6a-54ab6b76f93c | status=success | template=get_factures_between | rows=100 | duration=211.13ms | question=liste des factures entre 2025-12-15 et 2026-01-15
[2026-04-02 10:50:20] uuid=5eaf87b7-fd15-474f-9d18-98cde13e4ceb | status=success | template=get_factures_non_payees | rows=51 | duration=280.92ms | question=factures non payees
[2026-04-02 10:50:31] uuid=d7dfd1c5-c089-4462-b718-c15d939e32b1 | status=success | template=get_factures_partiellement_payees | rows=6 | duration=204.23ms | question=factures partiellement payees
[2026-04-02 10:50:47] uuid=620b4756-6d2c-402e-8912-22c5ea18bb7b | status=success | template=get_clients_multiple_commandes | rows=2 | duration=195.34ms | question=clients avec plus de 5 commandes
[2026-04-02 10:51:00] uuid=9d2c04bb-5b53-4993-80dd-baf796455b8e | status=success | template=get_produits_stock_faible | rows=64 | duration=202.07ms | question=produits dont le stock est inferieur a 3
[2026-04-02 10:51:02] uuid=3058cbf0-6b6c-47c1-b5ae-54e9cdd2cbf9 | status=success | template=get_produits_stock_faible | rows=68 | duration=201.72ms | question=articles avec moins de 7 unites en stock
[2026-04-02 10:51:09] uuid=baaa523b-daf1-433e-b153-0ebd9ebce69e | status=success | template=get_total_ventes_mois | rows=1 | duration=200.54ms | question=ca du mois de mars 2026
[2026-04-02 10:51:11] uuid=cdfd8f79-6a56-4115-81d5-39723964d0ad | status=success | template=get_total_ventes_mois | rows=1 | duration=193.07ms | question=revenus du mois de decembre 2025
[2026-04-02 10:51:13] uuid=cef11f80-9370-40bd-8998-d0070a30cf80 | status=success | template=get_total_ventes_mois | rows=0 | duration=203.08ms | question=ca de novembre 2025
[2026-04-02 10:51:26] uuid=7e7f236e-3465-425a-9259-90c9a890e447 | status=success | template=get_factures_non_payees | rows=51 | duration=193.19ms | question=factures non payees
[2026-04-02 10:51:38] uuid=df43ed2a-b03e-4479-8116-45f6a7553f33 | status=success | template=get_factures_partiellement_payees | rows=6 | duration=229.48ms | question=factures partiellement payees
[2026-04-02 10:52:31] uuid=9faa87d8-0266-464a-bf95-c370c0316802 | status=success | template=get_factures_non_payees | rows=51 | duration=223.83ms | question=factures non payees
[2026-04-02 10:52:43] uuid=2173e289-2bf4-4560-b37e-2a8043451982 | status=success | template=get_factures_partiellement_payees | rows=6 | duration=208.11ms | question=factures partiellement payees
[2026-04-02 10:54:01] uuid=44f49471-0224-4306-a0a0-fd2963eb6be6 | status=success | template=get_factures_non_payees | rows=51 | duration=203.08ms | question=factures non payees
[2026-04-02 10:54:02] uuid=0278bbfa-c53e-4290-939e-71f952c34f22 | status=success | template=get_factures_non_payees | rows=51 | duration=586.12ms | question=factures non payees
[2026-04-02 10:54:02] uuid=892a1e4a-6e5e-4fb5-b7eb-949e2a89b0a2 | status=success | template=get_factures_non_payees | rows=51 | duration=528.72ms | question=factures non payees
[2026-04-02 10:55:02] uuid=2060f9ba-2398-4cf8-8db6-97d371c20732 | status=success | template=get_factures_non_payees | rows=51 | duration=222.68ms | question=factures non payees
[2026-04-02 10:55:02] uuid=415df309-3126-44d9-a4d1-0ee53e7a011f | status=success | template=get_factures_non_payees | rows=51 | duration=230.02ms | question=factures non payees
[2026-04-02 10:55:02] uuid=f4982d53-b14b-4f58-82a7-190a13fd9729 | status=success | template=get_factures_non_payees | rows=51 | duration=219.95ms | question=factures non payees
[2026-04-02 10:55:03] uuid=6511c39d-b1fb-432a-a104-d6acb19f19c3 | status=success | template=get_factures_non_payees | rows=51 | duration=490.63ms | question=factures non payees
[2026-04-02 10:55:03] uuid=ab17525f-5f5f-4f7e-beea-1004adea84a4 | status=success | template=get_factures_non_payees | rows=51 | duration=491.08ms | question=factures non payees
[2026-04-02 10:55:03] uuid=89a6d815-0dba-4c0a-981c-8c809ea588d2 | status=success | template=get_factures_non_payees | rows=51 | duration=496.97ms | question=factures non payees
[2026-04-02 10:55:03] uuid=a6adea52-843f-4f71-b7cd-236109b18616 | status=success | template=get_factures_non_payees | rows=51 | duration=512.67ms | question=factures non payees
[2026-04-02 10:55:03] uuid=f56543b5-cc34-4822-83e2-b017232abce1 | status=success | template=get_factures_non_payees | rows=51 | duration=501.24ms | question=factures non payees
[2026-04-02 10:55:03] uuid=4167b86a-4734-4af7-a3cf-e6433b985427 | status=success | template=get_factures_non_payees | rows=51 | duration=504.42ms | question=factures non payees
[2026-04-02 10:55:03] uuid=3c014ee3-47b9-4101-ac85-17eb73e6f73b | status=success | template=get_factures_non_payees | rows=51 | duration=511.45ms | question=factures non payees
[2026-04-02 10:55:03] uuid=819d32b9-6266-43b7-835d-46f3c02c40be | status=success | template=get_factures_non_payees | rows=51 | duration=502.22ms | question=factures non payees
[2026-04-02 11:00:48] uuid=35cab0e2-5ff9-4169-97eb-a222fe5c661c | status=success | template=get_factures_between | rows=100 | duration=232.03ms | question=factures entre 2026-01-01 et 2026-01-31
[2026-04-02 11:00:50] uuid=93e27827-11a2-45bb-91cb-987ddcb98354 | status=success | template=get_factures_between | rows=100 | duration=230.12ms | question=factures entre 2025-12-01 et 2026-02-28
[2026-04-02 11:00:53] uuid=09011ddd-0c02-401c-b55e-80af1f7f4fc0 | status=success | template=get_factures_non_payees | rows=51 | duration=590.44ms | question=factures non payées
[2026-04-02 11:00:58] uuid=d6c45157-2d40-4386-90f2-3cd639da9810 | status=success | template=get_factures_partiellement_payees | rows=6 | duration=498.54ms | question=factures partiellement payées
[2026-04-02 11:01:00] uuid=ce413dc6-1b9e-41ce-8bf8-6704d9e5631b | status=success | template=get_clients_multiple_commandes | rows=3 | duration=431.77ms | question=clients avec plus de 2 commandes
[2026-04-02 11:01:02] uuid=b9955aed-4f9b-4d76-8695-b75df800aa43 | status=success | template=get_clients_multiple_commandes | rows=2 | duration=195.71ms | question=clients ayant passé plus de 3 commandes
[2026-04-02 11:01:05] uuid=5e0bd31d-83f5-4872-9bef-6a976c77cd9f | status=success | template=get_produits_stock_faible | rows=67 | duration=194.88ms | question=produits avec stock inférieur à 5
[2026-04-02 11:01:07] uuid=fa9bd42e-61a7-4d2f-a64b-7b3982f94dc9 | status=success | template=get_produits_stock_faible | rows=70 | duration=216.84ms | question=produits stock inférieur à 10
[2026-04-02 11:01:09] uuid=68a3562e-35d3-4470-b45b-5bdb930a1d1a | status=success | template=get_total_ventes_mois | rows=1 | duration=227.45ms | question=chiffre d affaires de janvier 2026
[2026-04-02 11:01:12] uuid=aef943b7-8e5e-4926-bb21-f32cd7dbec27 | status=success | template=get_total_ventes_mois | rows=1 | duration=192.25ms | question=chiffre d affaires de février 2026
[2026-04-02 11:07:17] uuid=5ca46899-75c8-41f6-ad75-bfe29994f9f2 | status=success | template=get_factures_between | rows=100 | duration=1289.24ms | question=factures entre 2026-01-01 et 2026-01-31
[2026-04-02 11:07:20] uuid=5af1d7b9-1bbd-44cf-8fe6-f0a50ff4cf03 | status=success | template=get_factures_between | rows=100 | duration=319.33ms | question=factures entre 2025-12-01 et 2026-02-28
[2026-04-02 11:07:22] uuid=14d4245e-81cb-49fb-af18-80c4e9e53176 | status=success | template=get_factures_non_payees | rows=51 | duration=248.42ms | question=factures non payées
[2026-04-02 11:07:26] uuid=676c13a3-8c48-4d68-aafe-47ff9010d370 | status=success | template=get_factures_partiellement_payees | rows=6 | duration=233.57ms | question=factures partiellement payées
[2026-04-02 11:07:29] uuid=560a86cf-37aa-4d69-a73b-134f443820bb | status=success | template=get_clients_multiple_commandes | rows=3 | duration=235.32ms | question=clients avec plus de 2 commandes
[2026-04-02 11:07:31] uuid=eb3d35b1-88ab-40bb-ab0d-ec62976ec177 | status=success | template=get_clients_multiple_commandes | rows=2 | duration=252.21ms | question=clients ayant passé plus de 3 commandes
[2026-04-02 11:07:33] uuid=aa96d49a-8604-471d-92a6-5c1367a758ba | status=success | template=get_produits_stock_faible | rows=67 | duration=326.47ms | question=produits avec stock inférieur à 5
[2026-04-02 11:07:36] uuid=83561b21-e66d-4c7e-b2a2-947ae5c94a88 | status=success | template=get_produits_stock_faible | rows=70 | duration=250.34ms | question=produits stock inférieur à 10
[2026-04-02 11:07:38] uuid=5e84c94d-b464-4c82-b9f5-70b637c17f3c | status=success | template=get_total_ventes_mois | rows=1 | duration=224.19ms | question=chiffre d affaires de janvier 2026
[2026-04-02 11:07:41] uuid=6bf8f9f0-11f7-4fa3-a269-325f9c5e852c | status=success | template=get_total_ventes_mois | rows=1 | duration=258.49ms | question=chiffre d affaires de février 2026
[2026-04-02 11:19:47] uuid=9311135d-c2fb-43da-8877-423b1fc82899 | status=success | template=get_factures_between | rows=100 | duration=1290.14ms | question=factures entre 2026-01-01 et 2026-01-31
[2026-04-02 11:19:50] uuid=8c8c4aab-4cbe-41eb-8bb5-fc02f689a271 | status=success | template=get_factures_between | rows=100 | duration=353.7ms | question=factures entre 2025-12-01 et 2026-02-28
[2026-04-02 11:19:52] uuid=ace7cb34-0872-4b36-b02f-2a020c780dd6 | status=success | template=get_factures_between | rows=15 | duration=289.3ms | question=factures entre 2026-01-15 et 2026-02-15
[2026-04-02 11:19:55] uuid=0a277442-7975-45ed-a2c3-023c787e4254 | status=success | template=get_factures_between | rows=99 | duration=261.96ms | question=factures entre 2026-02-01 et 2026-02-28
[2026-04-02 11:19:57] uuid=84f6b0d9-49c3-4d54-8560-895bf0b2828c | status=success | template=get_factures_between | rows=100 | duration=318.15ms | question=liste des factures entre 2025-12-15 et 2026-01-15
[2026-04-02 11:19:59] uuid=fe914e21-bfea-4bd7-97f5-02e0698066c0 | status=success | template=get_factures_non_payees | rows=51 | duration=314.13ms | question=factures non payees
[2026-04-02 11:20:40] uuid=333809ec-43de-46b8-bc13-9832fc19603b | status=success | template=get_factures_partiellement_payees | rows=6 | duration=243.52ms | question=factures partiellement payees
[2026-04-02 11:20:52] uuid=86c56fae-9b69-4b66-87f4-4a9056e8cd4a | status=success | template=get_clients_multiple_commandes | rows=3 | duration=227.12ms | question=clients avec plus de 2 commandes
[2026-04-02 11:20:54] uuid=9462826d-4ad8-400e-80e3-e5b4d10e96c5 | status=success | template=get_clients_multiple_commandes | rows=2 | duration=377.87ms | question=clients ayant passe plus de 3 commandes
[2026-04-02 11:20:57] uuid=bd6e7850-182a-46d9-896c-a54a668fb807 | status=success | template=get_clients_multiple_commandes | rows=2 | duration=368.97ms | question=clients avec plus de 5 commandes
[2026-04-02 11:21:03] uuid=f95ee0b6-2cc1-4fe9-a89c-978e46106244 | status=success | template=get_produits_stock_faible | rows=67 | duration=203.08ms | question=produits avec stock inferieur a 5
[2026-04-02 11:21:06] uuid=e8242c66-15dd-45d5-b60a-20c639121534 | status=success | template=get_produits_stock_faible | rows=70 | duration=194.87ms | question=produits stock inferieur a 10
[2026-04-02 11:21:10] uuid=4b4be641-1e7f-4e07-a352-e88f7c868e50 | status=success | template=get_produits_stock_faible | rows=64 | duration=202.1ms | question=produits dont le stock est inferieur a 3
[2026-04-02 11:21:12] uuid=8fb955df-5957-4f93-951d-d01914016a6a | status=success | template=get_produits_stock_faible | rows=68 | duration=210.95ms | question=articles avec moins de 7 unites en stock
[2026-04-02 11:21:15] uuid=c57a1a1c-43bb-423e-8ad8-51e1f7cd860e | status=success | template=get_total_ventes_mois | rows=1 | duration=249.41ms | question=chiffre d affaires de janvier 2026
[2026-04-02 11:21:17] uuid=1654eda5-4a88-48ef-8bf3-e7317ea9fe60 | status=success | template=get_total_ventes_mois | rows=1 | duration=212.76ms | question=chiffre d affaires de fevrier 2026
[2026-04-02 11:21:19] uuid=f988569c-9fc8-421d-bce3-ad174871dddb | status=success | template=get_total_ventes_mois | rows=1 | duration=222.86ms | question=ca du mois de mars 2026
[2026-04-02 11:21:22] uuid=d32700fd-080a-45cf-b145-a65d1eb28516 | status=success | template=get_total_ventes_mois | rows=1 | duration=199.14ms | question=revenus du mois de decembre 2025
[2026-04-02 11:21:24] uuid=4085d711-9688-4ddf-ae42-261fff5626c8 | status=success | template=get_total_ventes_mois | rows=0 | duration=196.8ms | question=ca de novembre 2025
[2026-04-02 11:21:37] uuid=e2d6b4dd-adae-4747-a341-071a80b3ec0a | status=success | template=get_factures_non_payees | rows=51 | duration=212.31ms | question=factures non payees
[2026-04-02 11:21:48] uuid=ee6024c4-a855-43b6-a0b8-e6a5396e26a9 | status=success | template=get_factures_partiellement_payees | rows=6 | duration=197.08ms | question=factures partiellement payees
[2026-04-02 11:22:42] uuid=b68e8bc1-1ca6-48ac-88dd-d855ed2896d4 | status=success | template=get_factures_non_payees | rows=51 | duration=228.15ms | question=factures non payees
[2026-04-02 11:22:54] uuid=6a09ba60-8598-4db2-aba0-6ed3ac3b87e3 | status=success | template=get_factures_partiellement_payees | rows=6 | duration=307.92ms | question=factures partiellement payees
[2026-04-02 11:41:10] uuid=821dba2f-6007-4d2a-ab41-80efc3d06780 | status=success | template=get_factures_non_payees | rows=51 | duration=1184.84ms | question=quelles factures n ont pas ete reglees
[2026-04-02 11:41:10] uuid=b5fe2309-43ba-47a6-8049-5a9dcf78fe78 | status=success | template=get_factures_partiellement_payees | rows=6 | duration=1252.34ms | question=factures en cours de paiement
[2026-04-02 11:41:10] uuid=feba3df2-1672-4c25-a381-cfb3ed911838 | status=success | template=get_factures_between | rows=100 | duration=1515.62ms | question=factures entre 2026-01-01 et 2026-01-31
[2026-04-02 11:41:11] uuid=9f532b8b-1d0c-4bf1-97af-1bc7322cfe8f | status=success | template=get_factures_partiellement_payees | rows=6 | duration=1785.15ms | question=factures avec paiement partiel
[2026-04-02 11:41:11] uuid=ae84d2bb-cbda-4785-85db-eda4a1090e0e | status=success | template=get_factures_between | rows=15 | duration=1907.29ms | question=factures entre 2026-01-15 et 2026-02-15
[2026-04-02 11:41:11] uuid=cf6525c1-86bc-4762-8e1c-5990aef30d39 | status=success | template=get_factures_between | rows=100 | duration=1928.52ms | question=factures entre 2025-12-01 et 2026-02-28
[2026-04-02 11:41:11] uuid=7c33e64e-cde5-4c55-ab5d-26a79a8319ec | status=success | template=get_factures_partiellement_payees | rows=6 | duration=1907.81ms | question=factures partiellement payees
[2026-04-02 11:41:11] uuid=5227eca9-62e4-429e-8562-1702f8c98600 | status=success | template=get_factures_between | rows=99 | duration=1923.4ms | question=factures entre 2026-02-01 et 2026-02-28
[2026-04-02 11:41:11] uuid=470a99c1-cebc-498a-b01c-6504f9e24501 | status=success | template=get_factures_partiellement_payees | rows=6 | duration=1904.97ms | question=affiche les paiements partiels
[2026-04-02 11:41:11] uuid=a3c2578c-799e-45f4-bb62-d7bedaf558df | status=success | template=get_factures_non_payees | rows=51 | duration=1974.83ms | question=liste des factures impayees
[2026-04-02 11:41:11] uuid=4ceb2f21-f097-4843-9db0-8eee0898b0f9 | status=success | template=get_factures_non_payees | rows=51 | duration=1987.53ms | question=affiche les factures non reglees
[2026-04-02 11:41:11] uuid=7a178029-deed-4400-9f9b-82df74f04bbd | status=success | template=get_factures_between | rows=100 | duration=2030.33ms | question=factures entre 2026-01-01 et 2026-01-31
[2026-04-02 11:41:11] uuid=a3a1c77b-7f73-4ede-a0d9-3ee598f59549 | status=success | template=get_factures_non_payees | rows=51 | duration=2187.77ms | question=factures non payees
[2026-04-02 11:41:11] uuid=b2f6ee0e-49fa-46d7-94f9-e3b2bc20fafe | status=success | template=get_factures_between | rows=100 | duration=2172.45ms | question=factures entre 2025-12-01 et 2026-02-28
[2026-04-02 11:41:11] uuid=fd5938ab-cd85-4b9a-b960-de31997969dc | status=success | template=get_factures_non_payees | rows=51 | duration=2376.73ms | question=quelles factures n ont pas ete reglees
[2026-04-02 11:41:12] uuid=e1c5f3a5-5e54-423a-a6b0-c9741d91087e | status=success | template=get_factures_between | rows=100 | duration=2593.33ms | question=liste des factures entre 2025-12-15 et 2026-01-15
[2026-04-02 11:42:55] uuid=bc36c1ab-e39a-4d5b-a9c1-c340397bd067 | status=success | template=get_factures_non_payees | rows=51 | duration=389.15ms | question=factures non payees
[2026-04-02 11:43:07] uuid=3c6e384c-28ce-4914-b551-54a20e665a12 | status=success | template=get_factures_partiellement_payees | rows=6 | duration=282.05ms | question=factures partiellement payees
[2026-04-02 11:43:19] uuid=8b1ac000-b9cb-45f5-9c90-2d6b8a22f39d | status=success | template=get_clients_multiple_commandes | rows=3 | duration=300.34ms | question=clients avec plus de 2 commandes
[2026-04-02 11:43:21] uuid=244adb31-1eb9-49d1-bded-8d6ba1fcd946 | status=success | template=get_clients_multiple_commandes | rows=2 | duration=307.12ms | question=clients ayant passe plus de 3 commandes
[2026-04-02 11:43:24] uuid=9dae7754-a8a1-4f78-aac3-63e147775f34 | status=success | template=get_clients_multiple_commandes | rows=2 | duration=304.25ms | question=clients avec plus de 5 commandes
[2026-04-02 11:43:31] uuid=9837492d-c264-4b3a-842b-9ee925a1b015 | status=success | template=get_produits_stock_faible | rows=67 | duration=319.98ms | question=produits avec stock inferieur a 5
[2026-04-02 11:43:33] uuid=3c795c49-597e-47cb-b9c9-6b0f22a0c007 | status=success | template=get_produits_stock_faible | rows=70 | duration=304.94ms | question=produits stock inferieur a 10
[2026-04-02 11:43:37] uuid=bdcae0c1-be71-4cf7-a8f9-d931862ed9d6 | status=success | template=get_produits_stock_faible | rows=64 | duration=348.02ms | question=produits dont le stock est inferieur a 3
[2026-04-02 11:43:40] uuid=1dd4e31e-d20b-4cd3-b977-aff4ef834073 | status=success | template=get_produits_stock_faible | rows=68 | duration=320.09ms | question=articles avec moins de 7 unites en stock
[2026-04-02 11:43:42] uuid=f6686f51-0fc4-493d-939c-b31b49a61d89 | status=success | template=get_total_ventes_mois | rows=1 | duration=290.7ms | question=chiffre d affaires de janvier 2026
[2026-04-02 11:43:45] uuid=277e4430-9018-429d-83c7-a14bbf01e0a1 | status=success | template=get_total_ventes_mois | rows=1 | duration=322.44ms | question=chiffre d affaires de fevrier 2026
[2026-04-02 11:43:47] uuid=251cb0b2-f892-461d-b544-4be0924bbccb | status=success | template=get_total_ventes_mois | rows=1 | duration=274.83ms | question=ca du mois de mars 2026
[2026-04-02 11:43:49] uuid=fc44166c-9153-4d28-ac7d-d19c09338cca | status=success | template=get_total_ventes_mois | rows=1 | duration=314.14ms | question=revenus du mois de decembre 2025
[2026-04-02 11:43:52] uuid=5fbecef3-d9b5-4e98-bf0d-bf71317e4f74 | status=success | template=get_total_ventes_mois | rows=0 | duration=362.96ms | question=ca de novembre 2025
[2026-04-02 11:44:05] uuid=6866bbd7-8711-4702-a2e4-b03ac4386017 | status=success | template=get_factures_non_payees | rows=51 | duration=353.69ms | question=factures non payees
[2026-04-02 11:44:16] uuid=eb7e0096-1c1d-41d2-8c91-520349eadd7f | status=success | template=get_factures_non_payees | rows=51 | duration=1291.31ms | question=affiche les factures non reglees
[2026-04-02 11:44:19] uuid=f8d6f52a-e89e-412c-ba1c-9185c5c73f5d | status=success | template=get_factures_partiellement_payees | rows=6 | duration=393.82ms | question=factures partiellement payees
[2026-04-02 11:44:30] uuid=effaf24a-8a0c-419e-944e-61c7a509ebce | status=success | template=get_clients_multiple_commandes | rows=3 | duration=354.85ms | question=clients avec plus de 2 commandes
[2026-04-02 11:44:33] uuid=ce263cdf-00b0-4c54-80f4-f7f540a4126d | status=success | template=get_clients_multiple_commandes | rows=2 | duration=330.17ms | question=clients ayant passe plus de 3 commandes
[2026-04-02 11:44:35] uuid=33295fc1-0c0f-4a5a-9c19-3410bf951e6f | status=success | template=get_clients_multiple_commandes | rows=2 | duration=433.13ms | question=clients avec plus de 5 commandes
[2026-04-02 11:44:42] uuid=251a00c8-cb47-4901-a00b-d4ae33980f92 | status=success | template=get_produits_stock_faible | rows=67 | duration=333.43ms | question=produits avec stock inferieur a 5
[2026-04-02 11:44:44] uuid=f8fb612d-a24e-421a-8ef4-a1084bfeb420 | status=success | template=get_produits_stock_faible | rows=70 | duration=313.98ms | question=produits stock inferieur a 10
[2026-04-02 11:44:49] uuid=be61ae13-bfca-4900-b32b-bfa661cc9a8a | status=success | template=get_produits_stock_faible | rows=64 | duration=431.25ms | question=produits dont le stock est inferieur a 3
[2026-04-02 11:44:51] uuid=2faadb5c-a865-4c5b-8e2f-35f87cbbee12 | status=success | template=get_produits_stock_faible | rows=68 | duration=207.56ms | question=articles avec moins de 7 unites en stock
[2026-04-02 11:44:56] uuid=361e7cbc-8051-476d-974d-57c992fa33f9 | status=success | template=get_total_ventes_mois | rows=1 | duration=2687.77ms | question=chiffre d affaires de janvier 2026
[2026-04-02 11:44:59] uuid=bd739827-55ea-4625-bc00-da180928feb3 | status=success | template=get_total_ventes_mois | rows=1 | duration=228.42ms | question=chiffre d affaires de fevrier 2026
[2026-04-02 11:45:01] uuid=ddf86b3a-b281-4ae4-9a6f-781366b983d1 | status=success | template=get_total_ventes_mois | rows=1 | duration=241.52ms | question=ca du mois de mars 2026
[2026-04-02 11:45:03] uuid=6862711b-8c54-4d8c-910c-e6664f883d1c | status=success | template=get_total_ventes_mois | rows=1 | duration=261.05ms | question=revenus du mois de decembre 2025
[2026-04-02 11:45:06] uuid=d945d972-ae84-4349-bed4-65592805a56f | status=success | template=get_total_ventes_mois | rows=0 | duration=228.91ms | question=ca de novembre 2025
[2026-04-02 11:45:08] uuid=2ff373ba-f9c8-4808-9994-10aaea4884bf | status=success | template=get_factures_between | rows=100 | duration=242.29ms | question=factures entre 2026-01-01 et 2026-01-31
[2026-04-02 11:45:10] uuid=3060d782-981a-4643-b9cc-de4de0b9a516 | status=success | template=get_factures_between | rows=100 | duration=288.86ms | question=factures entre 2025-12-01 et 2026-02-28
[2026-04-02 11:45:13] uuid=c6343c34-978a-42d8-aa0b-0747deec3ff5 | status=success | template=get_factures_between | rows=15 | duration=249.97ms | question=factures entre 2026-01-15 et 2026-02-15
[2026-04-02 11:45:15] uuid=a74c0cb2-11a1-4e37-8c28-17ca3daa4ce8 | status=success | template=get_factures_between | rows=99 | duration=214.38ms | question=factures entre 2026-02-01 et 2026-02-28
[2026-04-02 11:45:17] uuid=4a6527d5-80f1-410a-aa66-be2de9158127 | status=success | template=get_factures_between | rows=100 | duration=312.66ms | question=liste des factures entre 2025-12-15 et 2026-01-15
[2026-04-02 11:45:20] uuid=f5243260-d581-4eae-81f1-8185357f09b8 | status=success | template=get_factures_non_payees | rows=51 | duration=471.26ms | question=factures non payees
[2026-04-02 11:45:32] uuid=626a95d8-bd13-4e99-87c9-f66a6be0db27 | status=success | template=get_factures_partiellement_payees | rows=6 | duration=347.21ms | question=factures partiellement payees
[2026-04-02 11:47:54] uuid=7e7daa6e-6c3d-49f1-89b4-1714fcc7a841 | status=success | template=get_factures_between | rows=100 | duration=1184.12ms | question=factures entre 2026-01-01 et 2026-01-31
[2026-04-02 11:47:57] uuid=d769aff7-c70a-453e-9c22-7715b8e9f3cf | status=success | template=get_factures_between | rows=100 | duration=304.58ms | question=factures entre 2025-12-01 et 2026-02-28
[2026-04-02 11:47:59] uuid=b1984abf-8ff2-4117-b1b6-68df8e4811c5 | status=success | template=get_factures_between | rows=15 | duration=293.12ms | question=factures entre 2026-01-15 et 2026-02-15
[2026-04-02 11:48:02] uuid=540c469a-e1e5-4e6c-86d0-db52aa94d588 | status=success | template=get_factures_between | rows=99 | duration=304.88ms | question=factures entre 2026-02-01 et 2026-02-28
[2026-04-02 11:48:04] uuid=c3f722f9-93f2-48cd-ae03-b0bc79a32fd5 | status=success | template=get_factures_between | rows=100 | duration=318.29ms | question=liste des factures entre 2025-12-15 et 2026-01-15
[2026-04-02 11:48:06] uuid=3dbb13d3-e153-40e7-961f-0cbefac358f5 | status=success | template=get_factures_non_payees | rows=51 | duration=309.87ms | question=factures non payees
[2026-04-02 11:48:17] uuid=7655f897-f31c-4c66-9e24-22d631e9d60e | status=success | template=get_factures_partiellement_payees | rows=6 | duration=308.43ms | question=factures partiellement payees
[2026-04-02 11:48:28] uuid=c5a9429e-396b-4228-992b-5d2c39fdc930 | status=success | template=get_clients_multiple_commandes | rows=3 | duration=349.34ms | question=clients avec plus de 2 commandes
[2026-04-02 11:48:31] uuid=618dcefc-afae-4747-a276-fcec3ae0f328 | status=success | template=get_clients_multiple_commandes | rows=2 | duration=377.65ms | question=clients ayant passe plus de 3 commandes
[2026-04-02 11:48:33] uuid=e224e4fe-ba72-48b2-9518-62f09e4432e7 | status=success | template=get_clients_multiple_commandes | rows=2 | duration=331.83ms | question=clients avec plus de 5 commandes
[2026-04-02 11:48:40] uuid=fe3249e8-da5c-4b42-b9f0-9ef4a6f82edb | status=success | template=get_produits_stock_faible | rows=67 | duration=363.58ms | question=produits avec stock inferieur a 5
[2026-04-02 11:48:42] uuid=22b8e45d-f0ad-4d48-87f1-9379fba08606 | status=success | template=get_produits_stock_faible | rows=70 | duration=284.86ms | question=produits stock inferieur a 10
[2026-04-02 11:48:47] uuid=362bd2a6-9efb-4606-988b-a770dad5538e | status=success | template=get_produits_stock_faible | rows=64 | duration=370.6ms | question=produits dont le stock est inferieur a 3
[2026-04-02 11:48:49] uuid=d401866e-de7c-4755-bc28-e09a790bc006 | status=success | template=get_produits_stock_faible | rows=68 | duration=279.08ms | question=articles avec moins de 7 unites en stock
[2026-04-02 11:48:51] uuid=b58e6486-a137-47c3-9795-42f24325bb8d | status=success | template=get_total_ventes_mois | rows=1 | duration=311.94ms | question=chiffre d affaires de janvier 2026
[2026-04-02 11:48:54] uuid=6ded08d3-621f-4e56-a300-789820b91d5f | status=success | template=get_total_ventes_mois | rows=1 | duration=235.33ms | question=chiffre d affaires de fevrier 2026
[2026-04-02 11:48:56] uuid=a5905d17-5e31-4690-81c1-d67b60f37a55 | status=success | template=get_total_ventes_mois | rows=1 | duration=319.61ms | question=ca du mois de mars 2026
[2026-04-02 11:48:59] uuid=ace59bf7-186c-4a8d-9454-b0f9b7119fec | status=success | template=get_total_ventes_mois | rows=0 | duration=315.68ms | question=revenus du mois de decembre 2025
[2026-04-02 11:49:01] uuid=bf3ccd0e-740f-470e-aa39-4d6fa80b035d | status=success | template=get_total_ventes_mois | rows=0 | duration=283.5ms | question=ca de novembre 2025
[2026-04-02 11:49:14] uuid=f0e5a0cc-89f7-4c4b-9e73-db45b711918b | status=success | template=get_factures_non_payees | rows=51 | duration=348.81ms | question=factures non payees
[2026-04-02 11:49:25] uuid=b7b9b5f0-2114-4244-9481-d68a5458d9f4 | status=success | template=get_factures_partiellement_payees | rows=6 | duration=269.17ms | question=factures partiellement payees
[2026-04-02 11:50:18] uuid=96418490-961c-418f-928f-8a980bf4a2ab | status=success | template=get_factures_non_payees | rows=51 | duration=342.66ms | question=factures non payees
[2026-04-02 11:50:29] uuid=c6ac77ae-31aa-4309-84f7-6c8d19cc48e7 | status=success | template=get_factures_partiellement_payees | rows=6 | duration=249.05ms | question=factures partiellement payees
[2026-04-02 11:51:39] uuid=94a994ed-d632-4788-b29a-4dc61c8a221e | status=success | template=get_factures_between | rows=99 | duration=1216.81ms | question=donne moi les factures entre 2026-02-01 et 2026-02-28
[2026-04-02 11:51:40] uuid=c0b75d75-766e-48f2-b17c-6adb20c4cb47 | status=success | template=get_factures_between | rows=100 | duration=249.95ms | question=factures du 2026-01-01 au 2026-01-31
[2026-04-02 11:51:40] uuid=95ee2530-5eef-45ab-9397-562084448797 | status=success | template=get_factures_between | rows=100 | duration=306.98ms | question=liste des factures entre 2026-01-15 et 2026-03-15
[2026-04-02 11:51:40] uuid=a7cb14d7-94b4-41bd-86b5-a4ee6fa52615 | status=success | template=get_factures_par_client | rows=4 | duration=291.5ms | question=factures du client mondher
[2026-04-02 11:51:41] uuid=b80d55f6-431e-4c27-976e-c4a1875ad2c7 | status=success | template=get_factures_par_client | rows=0 | duration=298.71ms | question=affiche les factures pour le client alpha
[2026-04-02 11:51:41] uuid=d955cd91-f84c-4002-a355-1cf8cce191b8 | status=success | template=get_factures_non_payees | rows=51 | duration=365.89ms | question=factures non payees
[2026-04-02 11:51:41] uuid=df20f2f2-7468-43ca-9ad6-1e200d9816c1 | status=success | template=get_factures_partiellement_payees | rows=6 | duration=347.96ms | question=factures partiellement payees
[2026-04-02 11:51:42] uuid=978bd256-5eba-4b1f-88a4-7c18b49f9c6a | status=success | template=get_factures_negatives | rows=30 | duration=300.4ms | question=factures negatives
[2026-04-02 11:51:42] uuid=093e8ac2-fdcf-4f04-8911-225a7955bf15 | status=success | template=get_clients_multiple_commandes | rows=3 | duration=315.21ms | question=clients avec plus de 2 commandes
[2026-04-02 11:51:42] uuid=a94bcc2e-95eb-4e28-9c1a-a93e8458e1de | status=success | template=get_clients_multiple_commandes | rows=2 | duration=323.98ms | question=quels clients ont passe plus de 5 commandes
[2026-04-02 11:51:43] uuid=cc1e88ec-c69f-4afe-9815-43fdd28140ca | status=success | template=get_produits_stock_faible | rows=67 | duration=391.96ms | question=produits avec stock inferieur a 5
[2026-04-02 11:51:43] uuid=e619634d-9aad-4e6b-a3f6-fa8ee4463432 | status=success | template=get_produits_stock_faible | rows=70 | duration=420.22ms | question=quels produits ont un stock faible
[2026-04-02 11:51:43] uuid=4c6317df-1fc7-4a27-ac7f-63599b7de6fc | status=success | template=get_total_ventes_mois | rows=1 | duration=261.92ms | question=chiffre d affaires de janvier 2026
[2026-04-02 11:51:44] uuid=ee58f91a-8848-4926-bb1d-30ffef5dda13 | status=success | template=get_total_ventes_mois | rows=1 | duration=351.82ms | question=total des ventes pour fevrier 2026
[2026-04-02 11:51:44] uuid=880bc34e-bbc6-4713-8074-59feeaa202de | status=success | template=get_total_ventes_mois | rows=1 | duration=337.72ms | question=CA du mois de mars 2026
[2026-04-02 11:51:44] uuid=17944a30-5256-4cef-b89e-51dfca8ca5fc | status=success | template=get_clients_multiple_commandes | rows=2 | duration=377.44ms | question=clients fideles avec plus de 3 commandes
[2026-04-02 11:51:45] uuid=bc33d1ea-bd09-469b-a33a-24eb194de84b | status=success | template=get_total_ventes_mois | rows=0 | duration=388.17ms | question=revenus du mois de decembre 2025
[2026-04-02 11:51:45] uuid=65821d38-7713-48b3-b717-2ac9f0b4b904 | status=success | template=get_total_ventes_mois | rows=0 | duration=386.31ms | question=ca de novembre 2025
[2026-04-02 11:52:17] uuid=7cb8c0ef-f89c-4a78-b6bf-280c1f54d378 | status=success | template=get_factures_non_payees | rows=51 | duration=1102.11ms | question=factures non payees
[2026-04-02 11:52:17] uuid=d8332f7f-e163-4a2c-adce-004d46a88b8b | status=success | template=get_factures_partiellement_payees | rows=6 | duration=319.78ms | question=factures partiellement payees
[2026-04-02 11:52:17] uuid=6ab9b33a-57bd-4e11-993d-8d56e8a995cf | status=success | template=get_factures_negatives | rows=30 | duration=322.68ms | question=affiche les avoirs
[2026-04-02 11:52:17] uuid=ce09d137-1361-47da-ac86-70e484f6bc3c | status=success | template=get_produits_stock_faible | rows=70 | duration=247.34ms | question=produits en rupture de stock
[2026-04-02 11:52:18] uuid=9c120150-560b-4569-8fe2-42e4e0ac226c | status=success | template=get_clients_multiple_commandes | rows=2 | duration=306.8ms | question=clients fideles avec plus de 3 commandes
[2026-04-02 11:52:18] uuid=cc516808-322c-4d05-988e-05933e59d476 | status=success | template=get_factures_between | rows=100 | duration=285.8ms | question=factures entre 2026-01-01 et 2026-01-31
[2026-04-02 11:52:18] uuid=752af5d2-4cac-4a5f-843c-457e41075f84 | status=success | template=get_total_ventes_mois | rows=1 | duration=330.82ms | question=chiffre d affaires de janvier 2026
[2026-04-02 11:52:19] uuid=0ef984ea-f254-4093-af29-ddd9efdb11aa | status=success | template=get_total_ventes_mois | rows=1 | duration=404.83ms | question=total des ventes pour fevrier 2026
[2026-04-02 11:52:19] uuid=21813af5-1ab9-4758-b6fb-9e7595f36c65 | status=success | template=get_total_ventes_mois | rows=1 | duration=350.26ms | question=ca du mois de mars 2026
[2026-04-02 11:52:20] uuid=25e247d1-e2b7-4951-a816-ab1740d366af | status=success | template=get_factures_between | rows=99 | duration=440.73ms | question=factures entre 2026-02-01 et 2026-02-28
[2026-04-02 11:52:20] uuid=2041e540-d603-4182-9017-d750e53cb387 | status=success | template=get_factures_non_payees | rows=51 | duration=434.33ms | question=factures non payees
[2026-04-02 11:52:20] uuid=72b25efe-bdbe-4132-a911-9483ca225d72 | status=success | template=get_produits_stock_faible | rows=70 | duration=365.95ms | question=produits en rupture de stock
[2026-04-02 11:52:21] uuid=c5a57e05-d5b6-4e2b-801f-61140d25f7d5 | status=success | template=get_clients_multiple_commandes | rows=2 | duration=265.33ms | question=clients fideles avec plus de 3 commandes
[2026-04-02 11:52:34] uuid=7194fc08-6a5f-4b74-8480-a239ba3358aa | status=success | template=get_factures_non_payees | rows=51 | duration=360.21ms | question=factures non payées
[2026-04-02 11:52:39] uuid=4195f148-72ce-4454-8857-b6897e64ae6e | status=success | template=get_factures_partiellement_payees | rows=6 | duration=750.72ms | question=factures partiellement payées
[2026-04-02 11:52:54] uuid=9330b0e2-c5cc-4642-bd0d-6388d8280cd9 | status=error | template=get_total_ventes_mois | rows=0 | duration=271.88ms | question=chiffre d affaires total par mois pour 2026
[2026-04-02 11:52:57] uuid=01aa5dd7-6cb3-4db4-8e15-c1543022c359 | status=success | template=get_factures_between | rows=100 | duration=328.86ms | question=factures entre 2026-01-01 et 2026-01-31
[2026-04-02 11:52:59] uuid=51134ab2-270e-41c9-82c6-d0e58a510ac4 | status=success | template=get_factures_between | rows=100 | duration=308.93ms | question=factures entre 2025-12-01 et 2026-02-28
[2026-04-02 11:53:21] uuid=6119746a-ceef-4cd2-81b0-e83ef4e256d7 | status=error | template=get_total_ventes_mois | rows=0 | duration=146.09ms | question=chiffre d affaires total par mois pour 2026
[2026-04-02 11:53:47] uuid=68b3a84f-5125-4619-b11e-a5f8d230c8ab | status=error | template=get_total_ventes_mois | rows=0 | duration=148.41ms | question=chiffre d affaires total par mois pour 2026
[2026-04-02 11:53:58] uuid=9d95b67c-c0d8-4e25-a7c1-50c853bf6f0b | status=success | template=get_factures_between | rows=15 | duration=225.04ms | question=factures entre 2026-01-15 et 2026-02-15
[2026-04-02 11:54:00] uuid=6e41afca-5cdb-4865-825d-df8bae1d6e77 | status=success | template=get_factures_between | rows=99 | duration=214.04ms | question=factures entre 2026-02-01 et 2026-02-28
[2026-04-02 11:54:02] uuid=eeb004e6-314c-4e85-abcd-9adf5ee46363 | status=success | template=get_factures_between | rows=100 | duration=240.06ms | question=liste des factures entre 2025-12-15 et 2026-01-15
[2026-04-02 11:54:05] uuid=b186ecef-1584-4a73-a834-f0c3b01b9e6c | status=success | template=get_factures_non_payees | rows=51 | duration=205.99ms | question=factures non payees
[2026-04-02 11:54:15] uuid=b0a74210-8d70-4866-a8a0-41ffc95bc434 | status=success | template=get_factures_partiellement_payees | rows=6 | duration=217.78ms | question=factures partiellement payees
[2026-04-02 11:54:47] uuid=6de4ffb3-c456-424f-90fa-9085a2092a1e | status=success | template=get_total_ventes_mois | rows=1 | duration=195.71ms | question=chiffre d affaires de janvier 2026
[2026-04-02 11:54:50] uuid=90fd9564-9a70-4107-8f06-ecc8347e6106 | status=success | template=get_total_ventes_mois | rows=1 | duration=203.79ms | question=chiffre d affaires de fevrier 2026
[2026-04-02 11:54:52] uuid=3fffeb22-0ddd-4b6b-8138-706a02df66d1 | status=success | template=get_total_ventes_mois | rows=1 | duration=721.27ms | question=ca du mois de mars 2026
[2026-04-02 11:54:55] uuid=95fe8f6b-e1ed-467c-935a-d5ca7ce3ce19 | status=success | template=get_total_ventes_mois | rows=0 | duration=309.76ms | question=revenus du mois de decembre 2025
[2026-04-02 11:54:57] uuid=133433fe-d709-430e-bce9-35d0692bae30 | status=success | template=get_total_ventes_mois | rows=0 | duration=289.18ms | question=ca de novembre 2025
[2026-04-02 11:55:10] uuid=766a34dc-0592-4bd9-8b0b-4ad9279b772e | status=success | template=get_factures_non_payees | rows=51 | duration=371.95ms | question=factures non payees
[2026-04-02 11:55:21] uuid=64dd90aa-7756-4eba-977a-ff57ce93ae93 | status=success | template=get_factures_partiellement_payees | rows=6 | duration=593.37ms | question=factures partiellement payees
[2026-04-02 11:56:15] uuid=77f76d0f-e066-4b5c-aed4-a0e2b2a2d86f | status=success | template=get_factures_non_payees | rows=51 | duration=416.24ms | question=factures non payees
[2026-04-02 11:56:25] uuid=77cc712a-5843-4d8f-a399-e5f96af61eed | status=success | template=get_factures_partiellement_payees | rows=6 | duration=309.62ms | question=factures partiellement payees
[2026-04-02 11:57:18] uuid=d0889d56-a2d4-4b93-83f5-2b30803e04fe | status=success | template=get_factures_non_payees | rows=51 | duration=198.19ms | question=factures non payees
[2026-04-02 11:57:18] uuid=37914824-df08-4429-8865-ec1f25e5f9a7 | status=success | template=get_factures_non_payees | rows=51 | duration=543.84ms | question=factures non payees
[2026-04-02 11:57:18] uuid=235e0f68-8eae-42fc-b643-d9957e395722 | status=success | template=get_factures_non_payees | rows=51 | duration=465.81ms | question=factures non payees
[2026-04-02 11:58:18] uuid=c83821df-5647-4c85-9c7d-10a4e665c0a1 | status=success | template=get_factures_non_payees | rows=51 | duration=272.72ms | question=factures non payees
[2026-04-02 11:58:18] uuid=878e9597-4795-43e1-87df-3aa09f4e3252 | status=success | template=get_factures_non_payees | rows=51 | duration=291.13ms | question=factures non payees
[2026-04-02 11:58:18] uuid=3bc2755b-824a-47b2-a38d-950cb6387e96 | status=success | template=get_factures_non_payees | rows=51 | duration=277.85ms | question=factures non payees
[2026-04-02 11:58:19] uuid=b76cad14-091e-4bc1-b14b-97c279192fc3 | status=success | template=get_factures_non_payees | rows=51 | duration=291.45ms | question=factures non payees
[2026-04-02 11:58:19] uuid=4420f180-39dc-4200-8d67-f02211a7a3b4 | status=success | template=get_factures_non_payees | rows=51 | duration=673.72ms | question=factures non payees
[2026-04-02 11:58:19] uuid=47efa67e-5a00-4816-a1d8-ce78f9b2626b | status=success | template=get_factures_non_payees | rows=51 | duration=704.27ms | question=factures non payees
[2026-04-02 11:58:19] uuid=6a5236ed-b169-486a-9d5e-29cf884f88e6 | status=success | template=get_factures_non_payees | rows=51 | duration=687.44ms | question=factures non payees
[2026-04-02 11:58:19] uuid=a82d30be-1f09-46ce-a4ef-1b02bbb6e878 | status=success | template=get_factures_non_payees | rows=51 | duration=737.44ms | question=factures non payees
[2026-04-02 11:58:19] uuid=addcb3f9-27bc-45b4-82d1-eaa1cad3228e | status=success | template=get_factures_non_payees | rows=51 | duration=734.13ms | question=factures non payees
[2026-04-02 11:58:19] uuid=675eb2dc-6606-4230-a4fb-bde623337242 | status=success | template=get_factures_non_payees | rows=51 | duration=718.64ms | question=factures non payees
[2026-04-02 11:58:19] uuid=d19a4b3d-35c5-4c2a-81fa-1ae314abc11f | status=success | template=get_factures_non_payees | rows=51 | duration=753.42ms | question=factures non payees
[2026-04-02 11:58:19] uuid=0599602d-a0cf-4562-a173-45bc187f5b0a | status=success | template=get_factures_non_payees | rows=51 | duration=714.18ms | question=factures non payees
[2026-04-02 11:58:19] uuid=55fee402-131e-4278-86aa-d504a19244f1 | status=success | template=get_factures_non_payees | rows=51 | duration=757.38ms | question=factures non payees
[2026-04-02 11:58:19] uuid=6b86323f-87ff-41fd-aee9-7e3d0647572c | status=success | template=get_factures_non_payees | rows=51 | duration=752.26ms | question=factures non payees
[2026-04-02 11:58:19] uuid=4f3d6280-fb1a-4687-8734-7b82e32e72cd | status=success | template=get_factures_non_payees | rows=51 | duration=742.74ms | question=factures non payees
[2026-04-02 11:58:19] uuid=7177489f-a864-4dd5-9280-6bd2443403a4 | status=success | template=get_factures_non_payees | rows=51 | duration=711.42ms | question=factures non payees
[2026-04-02 11:58:42] uuid=eb5c6832-8321-493f-a6eb-c9da22655a5d | status=success | template=get_factures_between | rows=100 | duration=254.67ms | question=factures entre 2026-01-01 et 2026-01-31
[2026-04-02 11:58:44] uuid=37a7cbce-14c6-45f3-9876-517aa85ca1a5 | status=success | template=get_factures_between | rows=100 | duration=291.85ms | question=factures entre 2025-12-01 et 2026-02-28
[2026-04-02 11:58:51] uuid=f2203a17-002d-4d63-9604-899ff71ba798 | status=success | template=get_factures_partiellement_payees | rows=6 | duration=232.33ms | question=factures partiellement payées
[2026-04-02 11:58:53] uuid=0f2256e7-1a0e-40f4-95e9-6e8b7e574655 | status=success | template=get_clients_multiple_commandes | rows=3 | duration=293.16ms | question=clients avec plus de 2 commandes
[2026-04-02 11:58:55] uuid=f71b45ed-d968-480e-a3d5-b868b53c855b | status=success | template=get_clients_multiple_commandes | rows=2 | duration=312.3ms | question=clients ayant passé plus de 3 commandes
[2026-04-02 11:58:58] uuid=3db38fb3-e010-4f90-b08d-68595c3a60ff | status=success | template=get_produits_stock_faible | rows=67 | duration=347.49ms | question=produits avec stock inférieur à 5
[2026-04-02 11:59:00] uuid=9634e878-2004-4f62-9740-64ea77030d70 | status=success | template=get_produits_stock_faible | rows=70 | duration=280.76ms | question=produits stock inférieur à 10
[2026-04-02 12:20:11] uuid=0ec87c73-42fd-497f-8c37-06bd1caa4c27 | status=success | template=get_factures_non_payees | rows=51 | duration=1178.47ms | question=quelles factures n ont pas ete reglees
[2026-04-02 12:20:14] uuid=061af57b-6531-4c86-9569-7783e10d1587 | status=success | template=get_factures_partiellement_payees | rows=6 | duration=342.49ms | question=factures dont le solde restant est positif
[2026-04-02 12:20:18] uuid=c71f1d12-eb2c-4b11-bf1b-c0498e3828cf | status=error | template=get_total_ventes_mois | rows=0 | duration=198.55ms | question=CA total par mois pour 2026
[2026-04-02 12:20:20] uuid=2b2b377f-02aa-4b45-91c0-9a64850318ee | status=success | template=get_total_ventes_mois | rows=1 | duration=363.02ms | question=chiffre d affaires de janvier 2026
[2026-04-02 14:17:12] uuid=eee8035a-4c9b-47f4-9407-5df49496f14f | status=success | template=get_factures_between | rows=100 | duration=1499.3ms | question=factures entre 2026-01-01 et 2026-01-31
[2026-04-02 14:17:14] uuid=f0c28b65-6ddf-4312-bdb4-65da0ce78193 | status=success | template=get_factures_between | rows=100 | duration=600.91ms | question=factures entre 2025-12-01 et 2026-02-28
[2026-04-02 14:17:17] uuid=ead18e1d-da14-43b2-ada9-02adcd1920af | status=success | template=get_factures_non_payees | rows=51 | duration=430.05ms | question=factures non payées
[2026-04-02 14:17:21] uuid=4f3f4553-cb2b-4632-bdd2-0189066deb80 | status=success | template=get_factures_partiellement_payees | rows=6 | duration=400.98ms | question=factures partiellement payées
[2026-04-02 14:17:24] uuid=5979ac50-e76b-4128-981a-9aede1f09224 | status=success | template=get_clients_multiple_commandes | rows=3 | duration=824.46ms | question=clients avec plus de 2 commandes
[2026-04-02 14:17:27] uuid=f6fa0822-14ea-470a-8499-8dec1e3bd195 | status=success | template=get_clients_multiple_commandes | rows=2 | duration=208.44ms | question=clients ayant passé plus de 3 commandes
[2026-04-02 14:17:29] uuid=7688fb84-c574-43dd-b420-5dca9d2528aa | status=success | template=get_produits_stock_faible | rows=67 | duration=291.83ms | question=produits avec stock inférieur à 5
[2026-04-02 14:17:33] uuid=3c6a7d72-4a0d-40f0-ac44-22a7a246bc3c | status=success | template=get_produits_stock_faible | rows=70 | duration=1532.35ms | question=produits stock inférieur à 10
[2026-04-02 14:17:35] uuid=844d399b-0142-4c80-8aa3-87a994503a7b | status=success | template=get_total_ventes_mois | rows=1 | duration=230.62ms | question=chiffre d affaires de janvier 2026
[2026-04-02 14:17:38] uuid=c55b06dd-df6b-4c3a-ac27-1890eddd7241 | status=success | template=get_total_ventes_mois | rows=1 | duration=837.99ms | question=chiffre d affaires de février 2026
[2026-04-06 09:02:18] uuid=dd75718d-fdeb-4335-a3bd-6571e2d8823d | status=success | template=get_factures_between | rows=100 | duration=202.9ms | question=factures entre 2026-01-01 et 2026-01-31
[2026-04-06 09:02:20] uuid=34df2b43-2acd-46e5-96cd-466bae567782 | status=success | template=get_factures_between | rows=100 | duration=181.07ms | question=factures entre 2025-12-01 et 2026-02-28
[2026-04-06 09:02:22] uuid=adf21fc2-1a79-43f3-9ba0-9c9772e2b12a | status=success | template=get_factures_non_payees | rows=51 | duration=186.39ms | question=factures non payées
[2026-04-06 09:02:27] uuid=fc8d8449-6e3a-421f-b1f6-c4831dfe0b24 | status=success | template=get_factures_partiellement_payees | rows=6 | duration=192.64ms | question=factures partiellement payées
[2026-04-06 09:02:29] uuid=03802629-88e3-4d15-a27e-4a90e7b9a086 | status=success | template=get_clients_multiple_commandes | rows=4 | duration=178.62ms | question=clients avec plus de 2 commandes
[2026-04-06 09:02:31] uuid=18b3c411-2104-4ff7-ba9b-4c64b32ef929 | status=success | template=get_clients_multiple_commandes | rows=2 | duration=180.95ms | question=clients ayant passé plus de 3 commandes
[2026-04-06 09:02:34] uuid=04e82147-916e-4861-b793-e9045d01935a | status=success | template=get_produits_stock_faible | rows=67 | duration=181.19ms | question=produits avec stock inférieur à 5
[2026-04-06 09:02:36] uuid=2c138262-83f5-4808-85e7-7243560720fb | status=success | template=get_produits_stock_faible | rows=70 | duration=179.8ms | question=produits stock inférieur à 10
[2026-04-06 09:02:38] uuid=b5ba40b4-2ed4-4d65-b35f-fef735ad6200 | status=success | template=get_total_ventes_mois | rows=1 | duration=177.43ms | question=chiffre d affaires de janvier 2026
[2026-04-06 09:02:40] uuid=e4c3e834-6116-4b5d-875e-0e57793b457a | status=success | template=get_total_ventes_mois | rows=1 | duration=175.09ms | question=chiffre d affaires de février 2026
[2026-04-06 09:08:37] uuid=03523223-c93e-44de-9f98-b9d7a63f0ac9 | status=success | template=get_factures_non_payees | rows=51 | duration=187.56ms | question=Factures non payées
[2026-04-06 09:08:46] uuid=c4d1edf6-bc9d-4a61-b8e8-87ae42e23277 | status=success | template=get_factures_between | rows=100 | duration=177.83ms | question=Factures entre 2026-01-01 et 2026-12-31
[2026-04-06 09:08:54] uuid=e1834e2a-1f79-4d83-a2c6-98193ea93491 | status=success | template=get_total_ventes_mois | rows=1 | duration=175.03ms | question=Chiffre d'affaires de janvier 2026
[2026-04-06 09:08:58] uuid=cdf84bba-e6cc-4191-84be-73df32ed6c74 | status=success | template=get_clients_multiple_commandes | rows=4 | duration=179.16ms | question=Clients avec plus de 2 commandes
[2026-04-06 09:09:02] uuid=f9a13dc2-48bf-4467-9fd8-4810efb9204e | status=success | template=get_produits_stock_faible | rows=67 | duration=183.77ms | question=Produits avec stock inférieur à 5
[2026-04-06 09:16:04] uuid=72754c94-5e78-4a74-a8a3-d8134cb0985e | status=success | template=get_factures_between | rows=100 | duration=195.0ms | question=Factures entre 2026-01-01 et 2026-02-28
[2026-04-06 09:16:09] uuid=fd8ef51f-d900-40ba-aa5c-1a5bbed1e4a9 | status=success | template=get_factures_non_payees | rows=51 | duration=185.93ms | question=Factures non payées
[2026-04-06 09:16:14] uuid=787c2132-a00e-4159-bf68-ec19174aca0c | status=success | template=get_produits_stock_faible | rows=67 | duration=185.02ms | question=Produits avec stock inférieur à 5
[2026-04-06 09:16:18] uuid=aa338306-b182-469d-a804-d33dfcb89dff | status=success | template=get_clients_multiple_commandes | rows=4 | duration=181.25ms | question=Clients avec plus de 2 commandes
[2026-04-06 09:16:21] uuid=b8b9ba78-17e3-4935-aaec-06485912fef7 | status=success | template=get_total_ventes_mois | rows=1 | duration=177.01ms | question=Chiffre d'affaires de janvier 2026
[2026-04-06 09:19:16] uuid=c932b5b7-caeb-49f1-ad4c-025f2398ab0a | status=success | template=get_factures_between | rows=100 | duration=190.89ms | question=Factures entre 2026-01-01 et 2026-02-28
[2026-04-06 09:19:20] uuid=e0e4a4bb-6395-4bc6-973b-875d5a9e5000 | status=success | template=get_factures_non_payees | rows=51 | duration=181.79ms | question=Factures non payées
[2026-04-06 09:19:22] uuid=1c4e3606-5b48-47a1-93f2-dd00220cb0ba | status=success | template=get_produits_stock_faible | rows=67 | duration=178.31ms | question=Produits avec stock inférieur à 5
[2026-04-06 09:19:26] uuid=067b64d3-3781-4ed5-a193-182df66ffb0f | status=success | template=get_clients_multiple_commandes | rows=4 | duration=181.72ms | question=Clients avec plus de 2 commandes
[2026-04-06 09:19:29] uuid=156399ce-3919-4314-b6e0-6c4b9fbbbb6d | status=success | template=get_total_ventes_mois | rows=1 | duration=186.38ms | question=Chiffre d'affaires de janvier 2026
[2026-04-06 10:38:14] uuid=f9c8c31c-43ae-4948-9eff-b9ae094562e3 | status=success | template=get_factures_non_payees | rows=51 | duration=181.03ms | question=Factures non payées
[2026-04-06 10:38:18] uuid=8d5f1a6d-475f-475e-9ca3-3ed0a36f3f59 | status=success | template=get_factures_non_payees | rows=51 | duration=0.08ms | question=Factures non payées
[2026-04-06 10:38:21] uuid=1797f25d-9730-497a-ba25-77c766c488d2 | status=success | template=get_factures_non_payees | rows=51 | duration=0.2ms | question=Factures non payées
[2026-04-06 10:38:24] uuid=197f7a0f-33d9-4fd3-a253-20fb7f511019 | status=success | template=get_factures_non_payees | rows=51 | duration=0.1ms | question=Factures non payées
[2026-04-06 10:38:27] uuid=80dfec61-7a5a-408f-8a8f-d2da04b8cc83 | status=success | template=get_factures_non_payees | rows=51 | duration=0.12ms | question=Factures non payées
[2026-04-06 10:39:03] uuid=d412101f-55a6-4685-b436-4eb40d090222 | status=success | template=get_factures_non_payees | rows=51 | duration=0.06ms | question=quelles factures n ont pas ete reglees
[2026-04-06 10:39:05] uuid=ff9ebdad-3f50-4eb5-883f-a0b2348e5f5a | status=success | template=get_factures_partiellement_payees | rows=6 | duration=182.89ms | question=factures dont le solde restant est positif
[2026-04-06 10:39:07] uuid=93a62f45-6476-4695-9599-e28f8ee2bc35 | status=success | template=get_factures_non_payees | rows=51 | duration=0.07ms | question=factures non payees
[2026-04-06 10:39:10] uuid=60b389cc-948f-4615-8a1c-b62537c4b720 | status=error | template=get_total_ventes_mois | rows=0 | duration=149.71ms | question=CA total par mois pour 2026
[2026-04-06 10:39:12] uuid=e4c3112f-1dfc-4b0b-8dbb-5581dd75d12d | status=success | template=get_total_ventes_mois | rows=1 | duration=181.51ms | question=chiffre d affaires de janvier 2026
[2026-04-10 10:10:49] uuid=4b063eac-dd98-4d9f-a3b8-60cb5f4e6d1e | status=success | template=get_factures_non_payees | rows=51 | duration=1063.93ms | question=Factures non payées
[2026-04-10 14:58:58] uuid=473b91c5-e19e-4fa2-ab66-119fa841d6af | status=success | template=get_factures_non_payees | rows=51 | duration=188.82ms | question=Factures non payées
[2026-04-10 15:41:48] uuid=58707a1b-5a23-4630-b017-c06cddb33a1d | status=success | template=get_factures_non_payees | rows=50 | duration=599.69ms | question=Factures non payées
[2026-04-13 08:21:16] uuid=2a74eaec-1953-4019-a9c3-d0707afcfae6 | status=success | template=get_factures_non_payees | rows=51 | duration=476.67ms | question=factures non payées
[2026-04-13 08:21:43] uuid=a9186411-80f0-4b5e-8713-04bce4b72b6d | status=success | template=get_factures_non_payees | rows=51 | duration=0.18ms | question=factures non payées
[2026-04-13 08:22:03] uuid=fa2ffe27-458d-4944-b28d-940b459cfbca | status=success | template=get_total_ventes_mois | rows=1 | duration=407.51ms | question=chiffre d'affaires de janvier 2026
[2026-04-13 08:23:52] uuid=6257f989-3c53-4eef-b8ad-185a51842f6a | status=success | template=get_total_ventes_mois | rows=0 | duration=414.51ms | question=chiffre d affaires de octobre 2025
[2026-04-13 08:23:55] uuid=760133ff-02a8-4dfa-9f01-aa9deb5acae6 | status=success | template=get_total_ventes_mois | rows=0 | duration=409.3ms | question=chiffre d affaires de novembre 2025
[2026-04-13 08:23:57] uuid=0df921d7-01af-4acf-936b-386125278cf5 | status=success | template=get_total_ventes_mois | rows=0 | duration=407.82ms | question=chiffre d affaires de décembre 2025
[2026-04-13 08:23:59] uuid=34c31a47-f1b1-451f-88a1-5d0da15d8334 | status=success | template=get_total_ventes_mois | rows=1 | duration=0.08ms | question=chiffre d affaires de janvier 2026
[2026-04-13 08:24:02] uuid=3bc68746-fbcc-4520-83e9-06758337ada5 | status=success | template=get_total_ventes_mois | rows=1 | duration=180.47ms | question=chiffre d affaires de février 2026
[2026-04-13 08:24:04] uuid=f19cb3c2-a7a2-4ab4-86e2-1145bf0cf9fa | status=success | template=get_total_ventes_mois | rows=1 | duration=181.54ms | question=chiffre d affaires de mars 2026
[2026-04-13 08:25:52] uuid=51ff4233-3465-41b8-a94b-847a09f07464 | status=success | template=get_factures_non_payees | rows=51 | duration=184.59ms | question=Factures non payées
[2026-04-13 08:26:00] uuid=64616117-042a-4b36-ad27-20a78e0c230c | status=success | template=get_clients_multiple_commandes | rows=4 | duration=196.65ms | question=Clients avec plus de 2 commandes
[2026-04-13 08:26:12] uuid=bbfa89c5-6762-40f5-a7b0-a9d140b82785 | status=success | template=get_factures_between | rows=15 | duration=184.81ms | question=factures entre 2026-04-01 et 2026-04-13
[2026-04-13 08:32:24] uuid=8aec9679-6eca-4f3e-84cf-3ead818f6704 | status=success | template=get_factures_par_client | rows=0 | duration=194.17ms | question=quel est le montant total des factures émises par client en 2026 ?
[2026-04-13 08:41:10] uuid=4c0e348d-162d-44ce-8201-4b799c0ca03f | status=success | template=get_factures_par_client | rows=0 | duration=180.36ms | question=quel est le montant total des factures émises par client en 2026 ?
[2026-04-13 08:43:09] uuid=733d9de1-d99c-4f75-be1c-799c421f071a | status=success | template=get_total_ventes_mois | rows=1 | duration=188.52ms | question=combien de commandes ont été passées au mois de mars 2026 ?
[2026-04-13 08:56:46] uuid=69dce2e6-33c8-492d-8a92-468b39967c6a | status=success | template=get_total_ventes_mois | rows=1 | duration=179.84ms | question=combien de commandes ont été passées au mois de mars 2026 ?
[2026-04-13 09:00:59] uuid=009691f9-0fed-40d9-bbad-80e270d4929a | status=success | template=get_total_ventes_mois | rows=1 | duration=0.13ms | question=combien de commandes ont été passées au mois de mars 2026 ?
[2026-04-13 09:07:23] uuid=c43ea6a3-7bc6-4639-ac37-f161cf235410 | status=success | template=get_total_ventes_mois | rows=1 | duration=464.19ms | question=combien de commandes ont été passées au mois de mars 2026 ?
[2026-04-13 09:10:42] uuid=f3bc5883-52f2-48b8-9a7c-547f8f5b3d0d | status=success | template=get_total_ventes_mois | rows=1 | duration=0.18ms | question=combien de commandes ont été passées au mois de mars 2026 ?
[2026-04-13 09:13:16] uuid=c7f34d6a-cf14-4e7a-b90a-e77b0ae6147c | status=success | template=get_total_ventes_mois | rows=1 | duration=470.39ms | question=combien de commandes ont été passées au mois de mars 2026 ?
[2026-04-13 09:16:06] uuid=5ec10300-91d6-4ff1-b5f6-360de572c211 | status=success | template=get_total_ventes_mois | rows=1 | duration=0.09ms | question=combien de commandes ont ete passees au mois de mars 2026
[2026-04-13 09:25:57] uuid=7211ea7b-cb8e-43b5-9fab-0fe837588646 | status=success | template=get_total_ventes_mois | rows=1 | duration=206.95ms | question=combien de commandes ont ete passees au mois de mars 2026
[2026-04-13 09:26:17] uuid=b49ad76a-9977-4cf6-9cec-0421ff818b33 | status=error | template=get_top_clients_ca | rows=0 | duration=2.25ms | question=donne moi les 5 clients avec le chiffre affaires le plus eleve
[2026-04-13 09:31:46] uuid=77585228-dd43-4fd5-bf87-9a6c45c47089 | status=error | template=get_commandes_par_mois | rows=0 | duration=3.48ms | question=combien de commandes ont été passées au mois de mars 2026 ?
[2026-04-13 09:32:27] uuid=8ed15f05-ec3c-44dc-a7f5-51cc2fb0464a | status=error | template=get_commandes_par_mois | rows=0 | duration=2.38ms | question=combien de commandes ont été passées au mois de janvier 2026 ?
[2026-04-13 09:32:46] uuid=9fab967e-3779-4481-90a8-ec7e0f8bc605 | status=error | template=get_top_clients_ca | rows=0 | duration=2.27ms | question=donne moi les 5 clients avec le chiffre d'affaires le plus élevé
[2026-04-13 09:33:26] uuid=4d6d1671-fe87-4d51-a544-30c98131d798 | status=error | template=liste_clients_simple | rows=0 | duration=3.52ms | question=liste des clients
[2026-04-13 09:34:07] uuid=2b5dd26e-0e08-4b30-9f39-16cdf1ae4258 | status=success | template=get_factures_between | rows=100 | duration=186.62ms | question=Factures entre 2026-01-01 et 2026-02-28
[2026-04-13 09:35:03] uuid=c45ee39b-95aa-49ff-849a-7c530a7e1ab7 | status=error | template=get_top_clients_ca | rows=0 | duration=5.62ms | question=donne moi les 5 clients avec le chiffre d'affaires le plus élevé
[2026-04-13 09:36:31] uuid=bb890133-30b8-42fa-b0e1-6f9940d74e21 | status=error | template=get_top_clients_ca | rows=0 | duration=1.19ms | question=donne moi les 5 clients avec le chiffre affaires le plus eleve
[2026-04-13 09:41:39] uuid=f32e79dd-3fab-4a43-8a6b-14e9464d683a | status=error | template=get_top_clients_ca | rows=0 | duration=1.66ms | question=donne moi les 5 clients avec le chiffre affaires le plus eleve
[2026-04-13 09:42:31] uuid=6fb2d0cb-6248-42aa-bbb7-809168c5f5e5 | status=error | template=get_top_clients_ca | rows=0 | duration=1.81ms | question=donne moi les 5 clients avec le chiffre affaires le plus eleve
[2026-04-13 09:53:49] uuid=ad1934ad-641e-4482-b1b1-2439a6bc555f | status=error | template=get_top_clients_ca | rows=0 | duration=1.49ms | question=donne moi les 5 clients avec le chiffre affaires le plus eleve
[2026-04-13 09:54:50] uuid=7a61da05-dfec-4b10-be5c-706b3d93c40f | status=error | template=get_top_clients_ca | rows=0 | duration=2.06ms | question=donne moi les 5 clients avec le chiffre d'affaires le plus élevé
[2026-04-13 09:55:50] uuid=c5656b5e-4b3a-466a-9f83-ba53cbc9b7f6 | status=error | template=get_top_clients_ca | rows=0 | duration=2.18ms | question=donne moi les 5 clients avec le chiffre d'affaires le plus élevé
[2026-04-13 10:23:46] uuid=a1037e04-da21-48b3-9c40-cd5d8d826f25 | status=error | template=get_top_clients_ca | rows=0 | duration=1.31ms | question=donne moi les 5 clients avec le chiffre affaires le plus eleve
[2026-04-13 10:24:29] uuid=086d6ebc-eb5b-4cb7-b589-da99f8db8459 | status=error | template=get_top_clients_ca | rows=0 | duration=1.25ms | question=donne moi les 5 clients avec le chiffre affaires le plus eleve
[2026-04-13 10:25:16] uuid=3eaee9cb-9d4d-41fb-866a-a34d4ca5899b | status=error | template=get_top_clients_ca | rows=0 | duration=1.39ms | question=donne moi les 5 clients avec le chiffre affaires le plus eleve
[2026-04-13 10:34:17] uuid=c218a594-bad0-41c0-9ed7-12d5f7dbf056 | status=error | template=get_top_clients_ca | rows=0 | duration=12037.93ms | question=donne moi les 5 clients avec le chiffre affaires le plus eleve
[2026-04-13 10:46:23] uuid=61f6d97f-69ff-4820-b5af-7bec0ff42996 | status=success | template=get_top_clients_ca | rows=5 | duration=183.97ms | question=donne moi les 5 clients avec le chiffre affaires le plus eleve
[2026-04-13 10:46:53] uuid=ae8979ff-2d32-474c-a601-ba0d7f19f67a | status=success | template=get_top_clients_ca | rows=5 | duration=0.14ms | question=donne moi les 5 clients avec le chiffre d'affaires le plus élevé
[2026-04-13 11:26:29] uuid=7b51be4c-5b75-49af-be65-8014a459fb91 | status=success | template=get_factures_par_client | rows=0 | duration=516.4ms | question=quel est le montant total des factures émises par client en 2026 ?
[2026-04-13 11:27:51] uuid=be703311-14c0-41ec-b648-a945135b9d40 | status=success | template=get_factures_non_payees | rows=51 | duration=449.62ms | question=Factures non payées
[2026-04-13 11:27:51] uuid=ee081bf8-c6d9-4702-80cb-9065c28cf8be | status=success | template=get_factures_non_payees | rows=51 | duration=0.14ms | question=Factures non payées
[2026-04-13 11:28:43] uuid=7869253e-1d30-4179-a405-0eda6b9fb804 | status=success | template=get_total_ventes_mois | rows=1 | duration=416.98ms | question=Chiffre d'affaires de janvier 2026
[2026-04-13 11:29:00] uuid=05378852-7b70-42fb-a376-7b710c833ab1 | status=success | template=get_factures_between | rows=17 | duration=204.21ms | question=factures entre 2026-04-01 et 2026-04-13
[2026-04-13 11:29:18] uuid=e279961d-8cb1-415d-86e5-25a16f61e791 | status=success | template=get_total_ventes_mois | rows=1 | duration=195.62ms | question=chiffre d affaires de avril 2026
[2026-04-13 11:29:27] uuid=81621dd6-f734-43a4-a14c-b64eb9a3279d | status=success | template=get_factures_non_payees | rows=51 | duration=212.9ms | question=factures non payées
[2026-04-13 11:29:40] uuid=1a0a8778-51a8-46d6-a4a2-648b39fdf73d | status=success | template=get_factures_partiellement_payees | rows=6 | duration=202.18ms | question=factures partiellement payées
[2026-04-13 11:29:48] uuid=f9967b48-2e0d-4e2c-b634-d58e7f31fdec | status=success | template=get_produits_stock_faible | rows=75 | duration=196.07ms | question=produits avec stock inférieur à 10
[2026-04-13 11:29:56] uuid=e2434496-9a15-48e1-9290-b257d0beacd5 | status=success | template=get_clients_multiple_commandes | rows=4 | duration=205.49ms | question=clients avec plus de 2 commandes
[2026-04-13 11:30:07] uuid=d8bb346f-3bd0-48c1-8bdf-14966d42f3b0 | status=error | template=get_total_ventes_mois | rows=0 | duration=154.27ms | question=chiffre d affaires total par mois pour 2026
[2026-04-13 11:30:34] uuid=c60255f2-2079-418f-b0fe-4459c06ec785 | status=success | template=get_factures_between | rows=100 | duration=234.34ms | question=factures entre 2026-01-01 et 2026-04-13
[2026-04-13 11:30:56] uuid=08010122-2c03-4b85-b326-75d201092819 | status=error | template=get_total_ventes_mois | rows=0 | duration=146.98ms | question=chiffre d affaires total par mois pour 2026
[2026-04-13 11:31:13] uuid=55a46506-10a1-4125-a678-c4948669bc04 | status=error | template=get_total_ventes_mois | rows=0 | duration=144.15ms | question=chiffre d affaires total par mois pour 2026
[2026-04-13 11:32:03] uuid=3c067249-74ae-4244-9510-5a8c38f50d3e | status=error | template=get_total_ventes_mois | rows=0 | duration=140.61ms | question=chiffre d affaires total par mois pour 2026
[2026-04-13 11:36:05] uuid=c23f789d-548d-4009-9bf3-65ff3271da61 | status=error | template=get_total_ventes_mois | rows=0 | duration=182.5ms | question=chiffre d affaires total par mois pour 2026
[2026-04-13 11:36:20] uuid=ee220074-415f-497f-ac82-a82164ee6087 | status=success | template=get_total_ventes_mois | rows=1 | duration=200.42ms | question=chiffre d affaires de avril 2026
[2026-04-13 11:36:28] uuid=7a15e2d7-5c11-4f5f-aba0-4588450e65d1 | status=error | template=get_total_ventes_mois | rows=0 | duration=144.14ms | question=chiffre d affaires total par mois pour 2026
[2026-04-13 11:36:38] uuid=496ec2c6-2353-4a7e-9f8c-1cf702367722 | status=success | template=get_factures_between | rows=17 | duration=193.19ms | question=factures entre 2026-04-01 et 2026-04-13
[2026-04-13 11:36:48] uuid=dea38498-af39-4674-81c3-9f9d48b95a7d | status=success | template=get_factures_between | rows=100 | duration=203.31ms | question=factures entre 2026-01-01 et 2026-04-13
[2026-04-13 11:36:59] uuid=486e9cad-6ffd-44a2-83ec-61889d0ed8ac | status=success | template=get_factures_par_client | rows=0 | duration=195.98ms | question=quel est le montant total des factures émises par client en 2026 ?
[2026-04-13 11:37:17] uuid=f2d9b755-7b49-467d-9016-73f11e0a51bc | status=error | template=get_commandes_par_mois | rows=0 | duration=2.05ms | question=combien de commandes ont été passées au mois de mars 2026 ?
[2026-04-13 11:37:31] uuid=2c4838c0-9e01-4a83-b023-6628fd4f2c2a | status=success | template=get_top_clients_ca | rows=5 | duration=229.3ms | question=donne moi les 5 clients avec le chiffre d'affaires le plus élevé
[2026-04-13 11:37:48] uuid=da1968ff-d151-4d5d-82d6-d1b3980687a2 | status=success | template=get_total_ventes_mois | rows=1 | duration=209.39ms | question=Chiffre d'affaires de janvier 2026
[2026-04-13 11:37:56] uuid=c113b9e2-e2b7-4569-82b2-bb7c943e15ac | status=success | template=get_factures_between | rows=100 | duration=201.66ms | question=Factures entre 2026-01-01 et 2026-12-31
[2026-04-13 11:38:07] uuid=6072d466-8dfb-48a6-b29e-d46a69c1a4cb | status=success | template=get_clients_multiple_commandes | rows=4 | duration=288.01ms | question=clients avec plus de 2 commandes
[2026-04-13 11:38:22] uuid=4b6e8e66-78d2-45a0-8bc9-bcf97f99b7c4 | status=error | template=get_commandes_par_mois | rows=0 | duration=1.68ms | question=combien de commandes ont été passées au mois de mars 2026 ?
[2026-04-13 11:43:22] uuid=259804a7-a10f-42ef-8de1-2a815c586393 | status=error | template=get_commandes_par_mois | rows=0 | duration=1.61ms | question=combien de commandes ont été passées au mois de mars 2026 ?
[2026-04-13 12:03:40] uuid=c1757b65-1d89-48dd-9849-48bf6d4c9339 | status=success | template=get_factures_par_client | rows=0 | duration=750.38ms | question=quel est le montant total des factures émises par client en 2026 ?
[2026-04-13 12:03:42] uuid=a420a526-d85f-464b-934c-ff819c3a5fa8 | status=success | template=get_factures_par_client | rows=0 | duration=0.16ms | question=quel est le montant total des factures émises par client en 2026 ?
[2026-04-13 12:04:52] uuid=216d9e1d-57fe-40e7-9718-a294481dfef9 | status=success | template=get_top_clients_ca | rows=5 | duration=462.25ms | question=donne moi les 5 clients avec le chiffre affaires le plus eleve
[2026-04-13 12:05:25] uuid=ad3f6523-cf41-4412-9d04-27489ae3f378 | status=success | template=get_top_clients_ca | rows=5 | duration=0.12ms | question=donne moi les 5 clients avec le chiffre affaires le plus eleve
[2026-04-13 12:06:15] uuid=a6265ef5-1ab4-4aec-b943-d28ffa665af9 | status=error | template=get_commandes_par_mois | rows=0 | duration=1.57ms | question=combien de commandes ont ete passees au mois de mars 2026
[2026-04-13 12:43:52] uuid=5f721145-a256-4865-99e2-776a56bd702c | status=success | template=get_factures_non_payees | rows=51 | duration=556.58ms | question=Factures non payées
[2026-04-13 13:46:25] uuid=815200bd-6bfb-4860-9d33-9f3b6e3d38ea | status=error | template=get_total_ventes_mois | rows=0 | duration=430.87ms | question=chiffre d affaires total par mois pour 2026
[2026-04-13 13:46:34] uuid=5e9b85af-eb42-453c-a29f-4957708812b7 | status=error | template=get_total_ventes_mois | rows=0 | duration=408.9ms | question=chiffre d'affaires total par mois pour 2026
[2026-04-13 13:46:42] uuid=b31aa5be-e094-4630-ba38-127505c3b913 | status=error | template=get_total_ventes_mois | rows=0 | duration=477.95ms | question=chiffre d'affaires par mois pour 2026
[2026-04-13 13:49:28] uuid=9ccc2e18-de4b-4c1e-8239-ed4fa046c292 | status=error | template=get_total_ventes_mois | rows=0 | duration=396.75ms | question=chiffre d'affaires par mois pour 2026
[2026-04-16 09:15:20] uuid=13cc6262-41cb-461f-8974-f38fdeff0dcc | status=success | template=get_factures_par_client | rows=0 | duration=483.01ms | question=quel est le montant total des factures émises par client en 2026 ?
[2026-04-16 09:15:41] uuid=49a6c64d-4a6f-4c8a-99f9-7d2a68f27e59 | status=error | template=get_commandes_par_mois | rows=0 | duration=1.35ms | question=combien de commandes ont été passées au mois de mars 2026 ?
[2026-04-16 09:16:06] uuid=ca3a8154-aae2-4893-a4fc-44d0304ec49c | status=success | template=get_top_clients_ca | rows=5 | duration=412.68ms | question=donne moi les 5 clients avec le chiffre d'affaires le plus élevé
[2026-04-16 09:20:08] uuid=93741359-f59e-4e7d-af06-a7039049646f | status=error | template=get_commandes_par_mois | rows=0 | duration=4.32ms | question=quels sont les produits qui n ont jamais été commandés ?
[2026-04-16 09:20:37] uuid=7ac44858-e6da-4bc9-9fe4-1ce3d2a3fa8e | status=success | template=get_factures_non_payees | rows=52 | duration=1482.88ms | question=donne moi les clients qui ont des factures non payées depuis plus de 30 jours
[2026-04-16 09:35:41] uuid=c86a9dfe-63ed-4a9c-bede-9c44b2efd8dc | status=error | template=get_commandes_par_mois | rows=0 | duration=2.86ms | question=combien de commandes ont été passées au mois de mars 2026 ?
[2026-04-16 10:05:47] uuid=65532de5-c141-4e46-b2b2-9d93c420055f | status=error | template=get_commandes_par_mois | rows=0 | duration=2.49ms | question=combien de commandes ont été passées au mois de mars 2026 ?
[2026-04-16 10:06:05] uuid=478943f0-e634-467d-86cf-c76ceafe7af6 | status=success | template=get_factures_par_client | rows=0 | duration=183.16ms | question=quel est le montant total des factures émises par client en 2026 ?
[2026-04-16 10:06:41] uuid=5df46bba-380b-41b1-b3ce-0a8547a81dc7 | status=error | template=get_commandes_par_mois | rows=0 | duration=1.66ms | question=quels sont les produits qui n ont jamais été commandés ?
[2026-04-16 10:11:04] uuid=fd7243d8-99a9-4100-869f-c7b724f7ad53 | status=success | template=get_factures_par_client | rows=0 | duration=184.8ms | question=quel est le montant total des factures émises par client en 2026 ?
[2026-04-16 10:12:06] uuid=9d941699-7423-4505-8ca9-1362d9359f99 | status=success | template=get_factures_par_client | rows=0 | duration=180.51ms | question=quel est le montant total des factures émises par client en 2026 ?
[2026-04-16 10:15:20] uuid=24b60ad3-959e-482e-af7f-5f8531635dce | status=success | template=get_factures_par_client | rows=0 | duration=182.03ms | question=quel est le montant total des factures émises par client en 2026 ?
[2026-04-16 10:20:41] uuid=5e62db15-d9a2-46a0-86b2-a6f64ff85620 | status=success | template=get_factures_par_client | rows=0 | duration=182.3ms | question=quel est le montant total des factures émises par client en 2026 ?
[2026-04-16 10:22:54] uuid=ef42311a-8b73-4c15-8cf1-ee8831b6523e | status=success | template=get_factures_par_client | rows=0 | duration=178.4ms | question=montant total des factures par client en 2026
[2026-04-16 10:29:28] uuid=42714e22-7d13-4fa1-b7f8-ba5c27bdee99 | status=success | template=get_factures_par_client | rows=0 | duration=179.62ms | question=quel est le montant total des factures émises par client en 2026 ?
[2026-04-16 10:37:35] uuid=63f08275-d825-4f69-b761-15f5a4d37ca0 | status=success | template=get_factures_par_client | rows=0 | duration=180.5ms | question=quel est le montant total des factures émises par client en 2026 ?
[2026-04-16 10:40:10] uuid=54733b44-39bf-4619-a2c4-72768da6fc47 | status=success | template=get_factures_par_client | rows=0 | duration=182.58ms | question=quel est le montant total des factures émises par client en 2026 ?
[2026-04-16 10:43:41] uuid=41503366-6745-495e-9196-405ee451b69f | status=success | template=get_factures_par_client | rows=0 | duration=179.26ms | question=quel est le montant total des factures émises par client en 2026 ?
[2026-04-16 10:57:08] uuid=12a8287b-e444-4770-8bb1-8c4feb4350ef | status=success | template=get_factures_par_client | rows=0 | duration=180.62ms | question=quel est le montant total des factures émises par client en 2026 ?
[2026-04-16 11:00:48] uuid=21e2381d-e445-4fb2-9bda-c4cc61ac6123 | status=success | template=get_factures_par_client | rows=0 | duration=178.91ms | question=quel est le montant total des factures émises par client en 2026 ?
[2026-04-16 12:09:58] uuid=068728b1-9b34-4598-bafe-3146e94b782b | status=success | template=get_factures_par_client | rows=0 | duration=180.78ms | question=quel est le montant total des factures émises par client en 2026 ?
[2026-04-16 12:14:44] uuid=651cf19b-6bcc-43d0-8231-602ac3c2f2aa | status=success | template=get_factures_par_client | rows=0 | duration=178.67ms | question=montant total des factures par client en 2026
[2026-04-16 12:23:15] uuid=25ca1101-2857-4188-94fa-f8f473fa9b6f | status=error | template=get_commandes_par_mois | rows=0 | duration=2.66ms | question=combien de commandes ont été passées au mois de mars 2026 ?
[2026-04-16 12:23:33] uuid=43b43aea-8865-49b0-a0a3-3e5124ff2d7d | status=success | template=get_factures_par_client | rows=0 | duration=463.95ms | question=quel est le montant total des factures émises par client en 2026 ?
[2026-04-16 12:25:34] uuid=3bb5533b-d606-4baa-ba06-e1eaeccdbe1c | status=error | template=get_commandes_par_mois | rows=0 | duration=1.33ms | question=quels sont les produits qui n ont jamais été commandés ?
[2026-04-16 12:30:06] uuid=75c2e97e-20e3-4b73-b09b-700ff9316bd8 | status=error | template=get_commandes_par_mois | rows=0 | duration=2.27ms | question=Commandes mars 2026
[2026-04-16 12:30:24] uuid=db4d1d83-0ccc-4277-8c62-275e7fe6d9dd | status=error | template=get_commandes_par_mois | rows=0 | duration=1.54ms | question=Produits jamais commandés
[2026-04-16 12:36:39] uuid=05008f6f-01a3-458a-a01b-3a0f88aa754d | status=error | template=get_commandes_par_mois | rows=0 | duration=2.28ms | question=combien de commandes ont été passées au mois de mars 2026 ?
[2026-04-16 12:44:49] uuid=851652d0-804d-4bf0-b1e9-7c724bbe15e6 | status=error | template=get_commandes_par_mois | rows=0 | duration=2.65ms | question=combien de commandes ont été passées au mois de mars 2026 ?
[2026-04-16 13:57:08] uuid=6d1c6dfd-4f11-4276-b5e8-2fa1de34564a | status=error | template=get_commandes_par_mois | rows=0 | duration=2.54ms | question=combien de commandes ont été passées au mois de mars 2026 ?
[2026-04-16 13:57:26] uuid=35e7b228-6da0-49c7-9a57-2f27b0b2b502 | status=success | template=get_factures_par_client | rows=0 | duration=485.26ms | question=quel est le montant total des factures émises par client en 2026 ?
[2026-04-16 14:11:49] uuid=2222097a-7355-4a76-a458-617bcc8fd792 | status=error | template=get_commandes_par_mois | rows=0 | duration=2.86ms | question=combien de commandes ont été passées au mois de mars 2026 ?
[2026-04-16 14:12:09] uuid=ea5e82cf-bfd0-4ff7-98e8-dc534c3183f3 | status=error | template=get_commandes_par_mois | rows=0 | duration=2.05ms | question=quels sont les produits qui n ont jamais été commandés ?
[2026-04-16 14:24:21] uuid=b4fb6340-7f06-4231-9908-56f31ebabd6b | status=error | template=get_commandes_par_mois | rows=0 | duration=2.66ms | question=quels sont les produits qui n ont jamais été commandés ?
[2026-04-16 14:26:04] uuid=75e16ae6-2dd8-4c5a-b3ca-dc93827e54e3 | status=success | template=get_factures_par_client | rows=0 | duration=182.05ms | question=quel est le montant total des factures émises par client en 2026 ?
[2026-04-16 14:26:55] uuid=01e7d539-5a32-4e2d-8697-407970949566 | status=error | template=get_commandes_par_mois | rows=0 | duration=2.17ms | question=combien de commandes ont été passées au mois de mars 2026 ?
[2026-04-16 14:27:12] uuid=62ad60ed-4152-424d-8780-63fe81eeff57 | status=error | template=get_commandes_par_mois | rows=0 | duration=1.68ms | question=quels sont les produits qui n ont jamais été commandés ?
[2026-04-16 15:03:00] uuid=5de9c2ef-692a-4d87-a301-ca71743382e0 | status=success | template=get_factures_par_client | rows=0 | duration=458.82ms | question=quel est le montant total des factures émises par client en 2026 ?
[2026-04-16 15:04:01] uuid=f9c99e6a-9f3c-473b-9fc4-2cc8f1086943 | status=success | template=get_factures_non_payees | rows=52 | duration=419.14ms | question=Factures non payées
[2026-04-16 15:11:07] uuid=1cf66729-bc99-4b7e-b8ff-99cb97b1e208 | status=success | template=get_total_ventes_mois | rows=0 | duration=488.57ms | question=Donne-moi les clients qui n’ont passé aucune commande en 2026 mais ont des factu
[2026-04-16 15:14:35] uuid=731c8783-bb71-4e94-a594-e751d45f6346 | status=success | template=get_factures_non_payees | rows=52 | duration=406.07ms | question=Factures non payées
[2026-04-17 08:50:26] uuid=bcf5e04b-0168-471c-8110-d5e7cf2a653f | status=success | template=get_commandes_par_mois | rows=1 | duration=476.39ms | question=combien de commandes ont été passées au mois de mars 2026 ?
[2026-04-17 08:51:03] uuid=ada29b56-07a2-416e-9ed3-85dc5a63381a | status=success | template=get_commandes_par_mois | rows=0 | duration=416.08ms | question=quels sont les produits qui n ont jamais été commandés ?
[2026-04-17 08:52:03] uuid=77e36206-f4ef-4452-a0f5-24fe0b0039f3 | status=success | template=get_factures_par_client | rows=0 | duration=416.8ms | question=quel est le montant total des factures émises par client en 2026 ?
[2026-04-17 08:53:02] uuid=c5b4a408-e29b-4dfc-909e-f2d8ef50a695 | status=success | template=get_commandes_par_mois | rows=1 | duration=0.11ms | question=combien de commandes ont été passées au mois de mars 2026 ?
[2026-04-17 09:00:37] uuid=fb38e923-a632-40e6-b602-6808c3eafd26 | status=success | template=get_commandes_par_mois | rows=1 | duration=180.83ms | question=combien de commandes ont été passées au mois de mars 2026 ?
[2026-04-17 09:01:18] uuid=55fe3020-97fc-4b90-a38e-654707befb06 | status=success | template=get_commandes_par_mois | rows=0 | duration=182.47ms | question=quels sont les produits qui n ont jamais été commandés ?
[2026-04-17 09:01:44] uuid=67e38d35-fe2c-4dc5-944e-bb8a299d4454 | status=success | template=get_factures_par_client | rows=0 | duration=179.92ms | question=quel est le montant total des factures émises par client en 2026 ?
[2026-04-17 09:19:31] uuid=0914f3f9-c949-4c3c-9dc0-bd0192fa0171 | status=success | template=get_factures_par_client | rows=0 | duration=498.75ms | question=montant total des factures par client en 2026
[2026-04-17 09:28:23] uuid=3696d2a0-2e65-4ea0-8798-2ce114f1763e | status=success | template=get_factures_par_client | rows=0 | duration=197.68ms | question=montant total des factures par client en 2026
[2026-04-17 09:34:30] uuid=0b284fe2-67a0-4660-a6df-218d8b8cd126 | status=success | template=get_factures_par_client | rows=0 | duration=186.29ms | question=montant total des factures par client en 2026
[2026-04-17 09:35:50] uuid=cf3b3721-157b-4b52-bb51-fa75b1b4f6c2 | status=success | template=get_factures_par_client | rows=0 | duration=0.15ms | question=quel est le montant total des factures émises par client en 2026 ?
[2026-04-17 09:36:41] uuid=407d2fa8-ab98-4d1f-9ccb-fcb057b4b465 | status=success | template=get_commandes_par_mois | rows=0 | duration=409.09ms | question=quels sont les produits qui n ont jamais été commandés ?
[2026-04-17 09:37:35] uuid=8e921238-01ac-462a-9f28-8ead977683c0 | status=success | template=get_commandes_par_mois | rows=1 | duration=410.31ms | question=combien de commandes ont été passées au mois de mars 2026 ?4
[2026-04-17 09:37:37] uuid=cb2918b2-3d6a-4613-a473-40412725c9b2 | status=success | template=get_commandes_par_mois | rows=1 | duration=0.23ms | question=combien de commandes ont été passées au mois de mars 2026 ?
[2026-04-17 09:53:08] uuid=2660c157-cfc9-48c5-89a6-57c4b333c15c | status=success | template=get_commandes_par_mois | rows=1 | duration=187.55ms | question=combien de commandes ont été passées au mois de mars 2026 ?
[2026-04-17 10:38:55] uuid=4e2b35b2-a1e8-4c98-82e8-813796c08af6 | status=success | template=get_commandes_par_mois | rows=1 | duration=182.52ms | question=combien de commandes en mars 2026
[2026-04-17 10:39:47] uuid=a668bc59-7aa8-492f-85d8-3aa364a3ccea | status=success | template=get_top_clients_ca | rows=5 | duration=188.22ms | question=top 5 clients
[2026-04-17 10:40:07] uuid=c37b5cc8-244e-4fa6-bdca-b368ad5f7df5 | status=error | template=liste_clients_simple | rows=0 | duration=1.45ms | question=liste clients
[2026-04-17 10:41:00] uuid=fba1e26c-20e5-4625-bfee-ce5752c87381 | status=success | template=get_factures_non_payees | rows=53 | duration=193.67ms | question=factures non payées
[2026-04-17 10:41:27] uuid=babcaedd-fc60-40e9-a9a5-09096888aadd | status=success | template=get_top_clients_ca | rows=5 | duration=0.15ms | question=top 5 clients
[2026-04-17 10:41:48] uuid=0235ec18-c4b6-444f-b282-990970bec232 | status=success | template=get_commandes_par_mois | rows=1 | duration=184.07ms | question=combien de commandes avons-nous en avril 2026 ?
[2026-04-17 10:44:34] uuid=f4dfeee2-a5e5-4c2e-8287-aa6036a56946 | status=success | template=get_commandes_par_mois | rows=1 | duration=188.11ms | question=donne moi le nombre de commandes pour mars 2026
[2026-04-17 10:44:56] uuid=903ff992-7325-4ae6-9042-a4e67fce08f9 | status=success | template=get_total_ventes_mois | rows=1 | duration=192.49ms | question=quel est le chiffre d'affaires de mars 2026
[2026-04-17 10:45:16] uuid=8d9c9a6c-0196-4380-8fbc-bfea04b74f82 | status=success | template=get_produits_stock_faible | rows=78 | duration=196.42ms | question=quels produits ont un stock faible
[2026-04-17 10:46:46] uuid=616fbe51-073b-48a2-9ab7-de0717ce2f35 | status=success | template=get_commandes_par_mois | rows=1 | duration=183.81ms | question=combien de commandes en janvier 2026
[2026-04-17 10:47:14] uuid=4c037a81-cbe3-4cf6-9b28-6ca643ecc97d | status=success | template=get_top_clients_ca | rows=5 | duration=183.51ms | question=top clients
[2026-04-17 10:47:33] uuid=f29bf475-c30a-4f37-9bea-c157ed0826ec | status=success | template=get_top_clients_ca | rows=3 | duration=180.21ms | question=top 3 clients
[2026-04-17 10:47:44] uuid=4be6c5a4-6fed-42b1-9555-96287ba88f9b | status=success | template=get_commandes_par_mois | rows=1 | duration=0.08ms | question=commandes 2026-03
[2026-04-17 10:47:55] uuid=007552ba-d0d2-47bd-946b-11f80a68d9fb | status=success | template=get_commandes_par_mois | rows=1 | duration=185.4ms | question=donne moi combien de commandes ont été passées en février 2026
[2026-04-17 11:28:50] uuid=fc374458-30fa-4dc7-bb64-57bdd747ab9e | status=success | template=get_factures_par_client | rows=0 | duration=190.71ms | question=quel est le montant total des factures émises par client en 2026 ?
[2026-04-17 11:33:43] uuid=a054c3ec-c2e3-4c88-962b-84bf0ee3c192 | status=success | template=get_factures_between | rows=100 | duration=505.93ms | question=factures entre 2026-01-01 et 2026-04-17
[2026-04-17 11:36:03] uuid=acd27488-fc99-4008-91ca-b3506e59a4ac | status=success | template=get_total_ventes_mois | rows=0 | duration=415.11ms | question=chiffre d affaires de octobre 2025
[2026-04-17 11:36:40] uuid=de41282c-e1a9-4b9f-a7eb-952e62c51f56 | status=success | template=get_total_ventes_mois | rows=0 | duration=406.7ms | question=chiffre d affaires de novembre 2025
[2026-04-17 11:37:17] uuid=de72e0d5-eaa0-4752-b88a-3e314677b21a | status=success | template=get_total_ventes_mois | rows=0 | duration=413.52ms | question=chiffre d affaires de décembre 2025
[2026-04-17 11:37:50] uuid=1848b59f-a9d3-4819-b1f8-d5e4e96fcaa2 | status=success | template=get_total_ventes_mois | rows=1 | duration=179.65ms | question=chiffre d affaires de janvier 2026
[2026-04-17 11:37:52] uuid=f6d15e5f-0c79-4dd2-94aa-bae46d8d64df | status=success | template=get_total_ventes_mois | rows=1 | duration=180.97ms | question=chiffre d affaires de février 2026
[2026-04-17 11:37:54] uuid=344e31c8-f25a-46a7-9820-78004bacea0e | status=success | template=get_total_ventes_mois | rows=1 | duration=184.38ms | question=chiffre d affaires de mars 2026
[2026-04-17 11:37:55] uuid=5263295b-483b-4d5d-a838-5220359fbb60 | status=success | template=get_produits_stock_faible | rows=78 | duration=181.2ms | question=produits stock inférieur à 10
[2026-04-17 11:38:02] uuid=98e2ba11-6f92-4fd2-99e1-d80ccf41a3ee | status=success | template=get_clients_multiple_commandes | rows=4 | duration=183.02ms | question=clients avec plus de 2 commandes
[2026-04-17 11:38:12] uuid=760ec374-0a5a-4d92-a0f8-7d7e1565b120 | status=success | template=get_total_ventes_mois | rows=0 | duration=0.09ms | question=chiffre d affaires de octobre 2025
[2026-04-17 11:38:46] uuid=e4fa8831-6c95-47ff-82c3-e4c3e89167b0 | status=success | template=get_total_ventes_mois | rows=0 | duration=0.09ms | question=chiffre d affaires de novembre 2025
[2026-04-17 11:39:21] uuid=4764908a-7052-4d37-a7cd-0f36f0ddfde4 | status=success | template=get_total_ventes_mois | rows=0 | duration=0.12ms | question=chiffre d affaires de décembre 2025
[2026-04-17 11:40:25] uuid=5004778d-f1a4-48fe-b89f-63a11072ede0 | status=success | template=get_produits_stock_faible | rows=78 | duration=0.15ms | question=produits stock inférieur à 10
[2026-04-17 11:40:55] uuid=18fcad31-4358-4f89-8bfe-6f50c216f1cc | status=success | template=get_clients_multiple_commandes | rows=4 | duration=0.09ms | question=clients avec plus de 2 commandes
[2026-04-17 12:02:58] uuid=2e46df0f-10a4-47c9-9146-cf55bc722a5a | status=success | template=get_factures_par_client | rows=0 | duration=506.17ms | question=Donne-moi les factures du client ABC avec total
[2026-04-17 12:03:22] uuid=f0e759e9-5f99-4284-9504-c42cf509c329 | status=success | template=get_factures_par_client | rows=0 | duration=401.95ms | question=Donne-moi les factures du client mondheravec total
[2026-04-17 12:03:23] uuid=e4040f55-3efc-4b5c-9a0d-3ece20077059 | status=success | template=get_factures_par_client | rows=0 | duration=455.63ms | question=Donne-moi les factures du client mondher avec total
[2026-04-17 12:06:01] uuid=ba95da49-6756-451a-87ca-e2cff476fe73 | status=success | template=get_factures_par_client | rows=0 | duration=184.26ms | question=Donne-moi les factures du client mondher avec total
[2026-04-17 12:07:32] uuid=7296805f-415b-4f66-983d-b07bfb97a446 | status=success | template=get_factures_par_client | rows=0 | duration=180.62ms | question=quel est le montant total des factures émises par client en 2026 ?
[2026-04-17 12:08:44] uuid=14ba365e-508d-4858-9668-ae66652c71d3 | status=success | template=get_factures_par_client | rows=0 | duration=0.18ms | question=Donne-moi les factures du client mondher avec total
[2026-04-17 12:10:20] uuid=46806638-a483-40fa-b88e-a77069aaef41 | status=success | template=get_factures_par_client | rows=4 | duration=181.03ms | question=Donne-moi les factures avec total du client mondher
[2026-04-17 12:32:56] uuid=fb7f5b60-b64e-46c8-aea5-6616c5295114 | status=success | template=get_factures_par_client | rows=4 | duration=188.26ms | question=Donne-moi les factures du client mondher
[2026-04-17 12:33:26] uuid=03cad0d6-a85e-4682-a6b1-5c06d410d908 | status=success | template=get_factures_par_client | rows=4 | duration=0.12ms | question=factures client mondher
[2026-04-17 12:33:48] uuid=6d7c21f7-2e16-435e-b48c-dcce5083fced | status=success | template=get_factures_non_payees | rows=53 | duration=191.55ms | question=Factures non payées
[2026-04-17 13:03:09] uuid=c66bb30e-8b9c-432c-a270-35c75ae205c1 | status=success | template=get_factures_par_client | rows=4 | duration=189.95ms | question=combien de factures pour le client Mondher
[2026-04-17 13:05:12] uuid=697e122f-5af7-4a5e-8f8b-d19f4c5b1e10 | status=success | template=get_factures_par_client | rows=4 | duration=8421.63ms | question=total facturé par Mondher en 2026
[2026-04-17 13:07:38] uuid=83602a5a-ab2a-4a3c-ae64-ceb6a4551a09 | status=success | template=get_commandes_par_mois | rows=1 | duration=187.18ms | question=combien de commandes ont été passées au mois de mars 2026 ?
[2026-04-17 14:46:35] uuid=14097d2a-32b3-4404-b3f3-e4bd8bc7fb3b | status=success | template=get_commandes_par_mois | rows=1 | duration=200.55ms | question=combien de commandes ont été passées au mois de mars 2026 ?
[2026-04-17 14:46:40] uuid=5af7a7f1-771d-4520-809a-c499678364eb | status=success | template=get_factures_par_client | rows=0 | duration=197.5ms | question=quel est le montant total des factures émises par client en 2026 ?
[2026-04-17 14:54:59] uuid=8e8c3e43-09cb-43df-bc56-8885199663aa | status=success | template=get_commandes_par_mois | rows=1 | duration=183.51ms | question=combien de commandes ont été passées au mois de mars 2026 ?
[2026-04-17 14:55:22] uuid=c988c9b3-1cdc-4bb9-a0e4-624f1cc3b406 | status=success | template=get_factures_par_client | rows=0 | duration=182.76ms | question=quel est le montant total des factures émises par client en 2026 ?
[2026-04-17 15:17:16] uuid=d3a2735c-7dff-4f03-818a-d0dd2c23236c | status=success | template=get_produits_non_commandes | rows=100 | duration=12570.05ms | question=quels sont les produits qui n ont jamais été commandés ?
[2026-04-17 15:17:29] uuid=1bba8ff5-00fa-4f0e-87ec-0a55f57b10a3 | status=success | template=get_commandes_par_mois | rows=1 | duration=187.62ms | question=combien de commandes ont été passées au mois de mars 2026 ?
[2026-04-17 15:17:55] uuid=6a301d0e-3d79-4f12-aec6-e42e9a00ab45 | status=success | template=get_factures_par_client | rows=0 | duration=186.09ms | question=quel est le montant total des factures émises par client en 2026 ?
[2026-04-17 15:37:17] uuid=be23ace1-c924-46dd-8cd2-28cb87617544 | status=success | template=get_factures_par_client | rows=0 | duration=466.31ms | question=quel est le montant total des factures émises par client en 2026 ?
[2026-04-20 10:04:17] uuid=6a16140e-3477-45a6-aaa4-2b54921af22c | status=success | template=get_total_ventes_mois | rows=1 | duration=460.44ms | question=chiffre d affaires de avril 2026
[2026-04-20 10:06:29] uuid=2db8eff8-8a92-4db2-a24d-2835c6809f92 | status=error | template=liste_clients_simple | rows=0 | duration=1.64ms | question=Donne-moi le total des paiements par client pour les 3 derniers mois
[2026-04-20 10:10:11] uuid=671d41a4-d730-4b81-a306-1dc6dbc5155b | status=success | template=get_factures_par_client | rows=0 | duration=462.96ms | question=quel est le montant total des factures émises par client en 2026 ?
[2026-04-20 10:12:00] uuid=a068773f-6c78-4f94-b273-d1508809e357 | status=success | template=get_clients_multiple_commandes | rows=4 | duration=419.65ms | question=Clients avec plus de 2 commandes
[2026-04-20 10:13:57] uuid=06bc413a-aaf4-4237-a1af-ee524de0cf64 | status=success | template=get_produits_non_commandes | rows=100 | duration=12175.48ms | question=quels sont les produits qui n ont jamais été commandés ?
[2026-04-20 10:18:15] uuid=667037b9-4ab4-487b-95e5-2bc6cb5ca302 | status=success | template=get_factures_non_payees | rows=54 | duration=474.58ms | question=donne moi les clients qui ont des factures non payées depuis plus de 30 jours
[2026-04-20 10:18:29] uuid=3bf4077f-11f6-4a6b-a2a3-18c70e19535f | status=success | template=get_factures_non_payees | rows=54 | duration=0.13ms | question=donne moi les clients qui ont des factures non payées depuis plus de 30 jours
[2026-04-20 10:27:43] uuid=47fb9438-b723-4e85-bca5-6f183e636b72 | status=success | template=get_factures_non_payees_30j | rows=39 | duration=189.21ms | question=donne moi les clients qui ont des factures non payées depuis plus de 30 jours
[2026-04-20 10:39:37] uuid=a03ee908-4c02-4299-88e0-a0e2d1b67404 | status=success | template=get_factures_between | rows=100 | duration=203.95ms | question=factures entre 2026-01-01 et 2026-03-31
[2026-04-20 10:40:32] uuid=4c569407-ba56-45d6-992a-0fe978665f34 | status=success | template=get_factures_non_payees | rows=54 | duration=191.74ms | question=factures non payées
[2026-04-20 10:41:15] uuid=90ea258d-0575-478f-842a-b6650a3a42dc | status=success | template=get_factures_partiellement_payees | rows=6 | duration=188.34ms | question=factures partiellement payées
[2026-04-20 10:41:30] uuid=901bc901-e013-4fb9-85d8-c68421533ae9 | status=success | template=get_factures_negatives | rows=30 | duration=189.48ms | question=affiche les avoirs
[2026-04-20 10:41:44] uuid=6412f8e1-3e3e-4b82-ae1c-333712be336a | status=success | template=get_produits_stock_faible | rows=76 | duration=185.89ms | question=produits avec stock inférieur à 3
[2026-04-20 10:41:59] uuid=017bf077-14c9-436b-9bec-6e9d8fe98354 | status=success | template=get_clients_multiple_commandes | rows=3 | duration=199.51ms | question=clients avec plus de 3 commandes
[2026-04-20 10:42:12] uuid=0b961d9c-3c23-434f-a15b-270059b2c5f6 | status=success | template=get_total_ventes_mois | rows=1 | duration=180.65ms | question=chiffre d affaires de février 2026
[2026-04-20 10:42:23] uuid=068131b7-68bb-42fe-8cd3-78745a0d312b | status=error | template=liste_clients_simple | rows=0 | duration=0.94ms | question=liste des clients
[2026-04-20 10:43:17] uuid=bdb2b57d-3b65-4f4a-8aa5-17ec1d3cbb7f | status=success | template=get_factures_par_client | rows=6 | duration=188.94ms | question=factures du client Win Win Para
[2026-04-20 10:43:31] uuid=0e223a2c-b59e-483b-8246-55058b5a3896 | status=success | template=get_factures_par_client | rows=4 | duration=179.99ms | question=factures du client mondher
[2026-04-20 10:44:08] uuid=51059af3-46dd-4057-94d9-fa175af16698 | status=success | template=get_commandes_par_mois | rows=1 | duration=189.99ms | question=combien de commandes ont été passées en mars 2026
[2026-04-20 10:44:18] uuid=4d1157b5-17a2-41d7-9b62-e835d7d36764 | status=success | template=get_top_clients_ca | rows=5 | duration=186.51ms | question=donne moi les 5 meilleurs clients par chiffre d affaires
[2026-04-20 10:44:25] uuid=ccb6b2d5-aec4-4d24-9d4e-173730af6a66 | status=success | template=get_top_clients_ca | rows=5 | duration=0.21ms | question=donne moi les 5 meilleurs clients par chiffre d'affaires
[2026-04-20 10:44:32] uuid=bf53faf6-1a44-4915-ba26-3645d0f45a02 | status=error | template=liste_clients_simple | rows=0 | duration=0.73ms | question=liste des clients
[2026-04-20 10:46:03] uuid=033f7697-6c0d-4d65-9c7e-3dd383312ec6 | status=error | template=liste_clients_simple | rows=0 | duration=1.24ms | question=liste des clients
[2026-04-20 10:48:54] uuid=da5f11fb-3b5a-4334-8d95-d8d3dbde6b9b | status=success | template=get_factures_non_payees | rows=54 | duration=185.35ms | question=factures non payées
[2026-04-20 10:48:59] uuid=7115f9de-a428-46c9-b975-a48e52e79d3e | status=success | template=get_produits_stock_faible | rows=78 | duration=187.17ms | question=produits avec stock inférieur à 5
[2026-04-20 10:49:03] uuid=0eb25cb3-5ced-46d7-8aff-770557a06f4f | status=success | template=get_clients_multiple_commandes | rows=4 | duration=181.83ms | question=clients avec plus de 2 commandes
[2026-04-20 10:49:07] uuid=9c3e8091-4fda-443a-94b9-ee9f42052f70 | status=success | template=get_total_ventes_mois | rows=1 | duration=181.4ms | question=chiffre d affaires de janvier 2026
[2026-04-20 10:52:04] uuid=b2dbdf42-9cf4-44c7-92ab-31186072c877 | status=success | template=get_clients_multiple_commandes | rows=8 | duration=17421.71ms | question=quels clients ont commandé en janvier mais pas en février 2026 ?
[2026-04-20 11:14:59] uuid=5cc99c06-7e75-4912-b343-e63fb8165b2d | status=success | template=get_factures_non_payees_30j | rows=39 | duration=463.3ms | question=donne moi les clients qui ont des factures non payées depuis plus de 30 jours
[2026-04-20 11:15:53] uuid=de34c923-5858-4f47-94ae-6d8d77c488dc | status=success | template=get_produits_non_commandes | rows=100 | duration=18743.63ms | question=quels sont les produits qui n ont jamais été commandés ?
[2026-04-20 11:20:10] uuid=5900ad11-1db6-41a8-a9df-d128769e5afe | status=error | template=liste_clients_simple | rows=0 | duration=1.16ms | question=liste des clients
[2026-04-20 11:24:08] uuid=1161d789-6c2c-4477-b55b-e384743e2d33 | status=success | template=get_factures_par_client | rows=0 | duration=450.29ms | question=quel est le montant total des factures émises par client en 2026 ?
[2026-04-20 11:25:20] uuid=33898054-0533-4a95-bbcd-d0ef326210eb | status=success | template=get_total_ventes_mois | rows=1 | duration=14926.2ms | question=quel est le chiffre d affaires total par trimestre en 2026 ?
[2026-04-20 11:29:30] uuid=691233f3-5da3-48df-b9ca-b9196535518d | status=success | template=get_top_clients_ca | rows=5 | duration=438.33ms | question=donne moi les 5 meilleurs clients par chiffre d affaires
[2026-04-20 11:29:52] uuid=19f1861c-de23-401e-b3cc-319da328945b | status=success | template=get_produits_non_commandes | rows=100 | duration=9748.3ms | question=quels sont les produits qui n ont jamais été commandés ?
[2026-04-20 11:30:05] uuid=c0588922-024b-48a5-8f4b-21294a184a78 | status=success | template=get_factures_non_payees_30j | rows=39 | duration=192.69ms | question=donne moi les clients qui ont des factures non payées depuis plus de 30 jours
[2026-04-20 11:30:37] uuid=a1604135-182f-4f47-bbf9-9a906806dfa2 | status=success | template=get_produits_non_commandes | rows=100 | duration=9964.5ms | question=quels sont les produits qui n ont jamais été commandés ?
[2026-04-20 11:30:47] uuid=a24c24c2-1ffa-4bbf-aee9-42ac8c55e827 | status=success | template=get_top_clients_ca | rows=5 | duration=0.14ms | question=donne moi les 5 meilleurs clients par chiffre d affaires
[2026-04-20 11:31:00] uuid=eb5d1323-1b9d-44b7-9363-d92fab42db14 | status=success | template=get_factures_non_payees_30j | rows=39 | duration=0.14ms | question=donne moi les clients qui ont des factures non payées depuis plus de 30 jours
[2026-04-20 11:31:10] uuid=2011f770-1043-43aa-a2e8-192a2d1b20a6 | status=success | template=get_commandes_par_mois | rows=1 | duration=188.17ms | question=combien de commandes ont été passées en mars 2026
[2026-04-20 11:31:18] uuid=bfb4192a-de3c-4b5e-9b73-0f12b7bec8d8 | status=success | template=get_factures_par_client | rows=6 | duration=208.32ms | question=factures du client Win Win Para
[2026-04-20 11:32:36] uuid=ca607e49-6bb8-448c-a54f-2e940b0f759d | status=success | template=get_factures_par_client | rows=0 | duration=188.21ms | question=quel est le montant total des factures émises par client en 2026 ?
[2026-04-20 11:33:52] uuid=d3c35606-53e7-4df0-8d7c-04d0d41365d4 | status=success | template=get_produits_non_commandes | rows=100 | duration=9601.35ms | question=quels sont les produits qui n ont jamais été commandés ?
[2026-04-20 11:34:05] uuid=4f22232f-a430-4454-88ea-50f0d0cfbe58 | status=success | template=get_factures_non_payees_30j | rows=39 | duration=0.25ms | question=donne moi les clients qui ont des factures non payées depuis plus de 30 jours
[2026-04-20 11:53:24] uuid=4db6788e-331d-462c-8f0b-5aab0973bc38 | status=success | template=get_clients_multiple_commandes | rows=8 | duration=15860.08ms | question=quels clients ont commandé en janvier mais pas en février 2026 ?
[2026-04-20 11:55:10] uuid=86b0aa57-8dce-4837-9289-c87ed24d7f8d | status=success | template=get_factures_between | rows=200 | duration=201.88ms | question=factures entre 2026-01-01 et 2026-03-31
[2026-04-20 11:57:11] uuid=c3a03a8f-5283-4ffe-8e23-102339f22358 | status=success | template=get_clients_multiple_commandes | rows=8 | duration=17340.64ms | question=quels clients ont commandé en janvier mais pas en février 2026 ?
[2026-04-20 12:35:53] uuid=71333627-f07d-49a6-9aa2-df2fcb94d019 | status=error | template=liste_clients_simple | rows=0 | duration=1.23ms | question=liste des clients
[2026-04-20 12:37:00] uuid=d1dee04d-97e4-4333-b6a1-69c871cb7d31 | status=success | template=get_clients_multiple_commandes | rows=8 | duration=23943.95ms | question=quels clients ont commandé en janvier mais pas en février 2026 ?
[2026-04-20 12:37:12] uuid=27153c72-07b4-49bf-8bd9-3f3da0ec8787 | status=success | template=get_factures_negatives | rows=30 | duration=187.24ms | question=affiche les avoirs
[2026-04-20 12:37:21] uuid=4f0480ab-3122-441d-96a5-b6394e4284a4 | status=success | template=get_factures_par_client | rows=6 | duration=191.62ms | question=factures du client Win Win Para
[2026-04-20 12:37:33] uuid=a37cfe01-6830-4b8c-a54b-80f4b3ef3946 | status=success | template=get_produits_stock_faible | rows=78 | duration=183.68ms | question=produits avec stock inférieur à 5
[2026-04-20 12:38:03] uuid=11be45c7-6ae4-4cfe-8124-4f8015bb6258 | status=success | template=get_clients_multiple_commandes | rows=4 | duration=181.04ms | question=clients avec plus de 2 commandes
[2026-04-20 12:38:11] uuid=8a589e0c-d565-4939-b3a1-e8881fd0b5c4 | status=success | template=get_produits_stock_faible | rows=78 | duration=0.39ms | question=Produits avec stock inférieur à 5
[2026-04-20 12:38:49] uuid=4b53a91d-4b27-4e25-aead-db347aa69b0c | status=success | template=get_produits_stock_faible | rows=78 | duration=189.08ms | question=Produits avec stock inférieur à 10
[2026-04-20 12:39:34] uuid=078a0e4e-ead4-490f-b34a-3f08688e7464 | status=success | template=get_factures_non_payees | rows=54 | duration=194.34ms | question=factures non payées
[2026-04-20 14:51:23] uuid=07551309-dd2c-4ce7-9cac-5c8798227e5b | status=success | template=get_top_produits_commandes | rows=3 | duration=187.67ms | question=donne moi le top 3 des produits les plus commandés
[2026-04-20 14:52:24] uuid=b788641c-8916-4b90-a359-3e8ebb465319 | status=success | template=get_top_produits_commandes | rows=5 | duration=185.96ms | question=top 5 articles les plus vendus
[2026-04-20 14:52:47] uuid=037a0ee4-e534-4a8c-9d14-9e7f50a2cca7 | status=success | template=get_top_produits_commandes | rows=10 | duration=189.86ms | question=quels produits ont été le plus commandés
[2026-04-20 15:13:05] uuid=c078aaaf-347e-4a53-8720-5d42934d6d2a | status=success | template=get_factures_between | rows=0 | duration=16554.43ms | question=modifier les factures
[2026-04-20 15:27:48] uuid=1a251b6f-6631-42b6-9d57-1bf31e574d34 | status=success | template=get_commandes_par_mois | rows=1 | duration=498.25ms | question=combien avons-nous de commandes pour avril 2026
[2026-04-22 08:44:08] uuid=17f35545-f6a6-4391-bfb7-6a3f6f80c7de | status=success | template=get_top_produits_commandes | rows=3 | duration=188.17ms | question=donne moi le top 3 des produits les plus commandés
[2026-04-22 08:44:26] uuid=0247818d-803e-48d7-a07a-f50b3ed1d9b0 | status=success | template=get_top_produits_commandes | rows=5 | duration=178.88ms | question=top 5 articles les plus vendus
[2026-04-22 08:44:46] uuid=662a892f-68bf-4388-bfd2-ebba0b3b90f3 | status=success | template=get_top_produits_commandes | rows=10 | duration=197.06ms | question=quels produits ont été le plus commandés
[2026-04-22 09:16:27] uuid=f75185a3-f255-41b5-a043-b6872b6ab9c5 | status=success | template=get_total_paiements | rows=0 | duration=20295.21ms | question=Combien ai-je dépensé par catégorie ce trimestre ?
[2026-04-22 09:29:05] uuid=ddd5194e-a1ba-48ce-9590-7499277ea75f | status=success | template=get_ca_par_trimestre | rows=2 | duration=195.93ms | question=Combien ai-je dépensé par catégorie ce trimestre ?
[2026-04-22 09:32:21] uuid=e1e0d324-d101-4884-8654-c799610567a2 | status=success | template=get_total_ventes_mois | rows=0 | duration=16127.21ms | question=Combien ai-je dépensé par catégorie ce mois?
[2026-04-22 09:34:26] uuid=ebc0909e-6113-483d-a08a-5d7bb868d8d5 | status=success | template=get_factures_non_payees | rows=54 | duration=193.63ms | question=Quelles sont mes factures fournisseurs non payées ?
[2026-04-22 09:35:10] uuid=a274ba51-c786-4555-a30f-a17eabec4c95 | status=success | template=get_total_ventes_mois | rows=1 | duration=14903.93ms | question=Quel est le montant total des achats de janvier 2026 ?
[2026-04-22 09:49:20] uuid=de322c35-cc6e-4268-8356-b9fe715f814a | status=success | template=get_ca_par_trimestre | rows=2 | duration=182.67ms | question=Combien ai-je dépensé par catégorie ce trimestre ?
[2026-04-22 10:02:59] uuid=9c4f8a63-83fa-4fbe-8f38-15148d5028ca | status=success | template=get_ca_par_trimestre | rows=2 | duration=186.0ms | question=Combien ai-je dépensé par catégorie ce trimestre ?
[2026-04-22 10:03:22] uuid=152d6903-339c-45f9-a400-d41423aff6ca | status=success | template=get_ca_par_trimestre | rows=2 | duration=0.26ms | question=Combien ai-je dépensé par catégorie ce trimestre ?
[2026-04-22 10:03:37] uuid=7cfa5673-e6e1-480c-8c25-cf420f201897 | status=success | template=get_ca_par_trimestre | rows=2 | duration=0.26ms | question=Combien ai-je dépensé par catégorie ce trimestre ?
[2026-04-22 10:08:01] uuid=de6f70bb-e244-423a-a826-93a391c82b7e | status=success | template=get_ca_par_trimestre | rows=2 | duration=178.93ms | question=Combien ai-je dépensé par catégorie ce trimestre ?
[2026-04-22 10:08:12] uuid=0e0f1222-36c6-47be-8843-393dcf1531d3 | status=success | template=get_ca_par_trimestre | rows=2 | duration=0.11ms | question=Combien ai-je dépensé par catégorie ce trimestre ?
[2026-04-22 10:11:28] uuid=6d727f91-95ba-40d3-8fd7-cc22723b0db7 | status=success | template=get_ca_par_trimestre | rows=2 | duration=188.17ms | question=Combien ai-je dépensé par catégorie ce trimestre ?
[2026-04-22 10:11:33] uuid=f5ffa862-aa8b-4aea-b3b7-4b7b7549db6d | status=success | template=get_ca_par_trimestre | rows=2 | duration=0.1ms | question=Combien ai-je dépensé par catégorie ce trimestre ?
[2026-04-22 10:13:15] uuid=380bc908-e810-44bf-a655-ba4b2a7ead98 | status=success | template=get_ca_par_trimestre | rows=2 | duration=187.84ms | question=Combien ai-je dépensé par catégorie ce trimestre ?
[2026-04-22 10:13:17] uuid=31b451f3-6cc2-4a95-83a5-a68025e2fb68 | status=success | template=get_ca_par_trimestre | rows=2 | duration=0.16ms | question=Combien ai-je dépensé par catégorie ce trimestre ?
[2026-04-22 10:13:33] uuid=d8aaa0f0-0518-48e7-8703-82445be2cfe2 | status=success | template=get_factures_non_payees | rows=54 | duration=186.42ms | question=Quelles sont les factures non payées ?
[2026-04-22 10:13:45] uuid=dd00b083-c544-4fe8-9e0a-0b869711a70d | status=success | template=get_factures_non_payees | rows=54 | duration=0.41ms | question=Quelles sont mes factures fournisseurs non payées ?
[2026-04-22 10:14:18] uuid=2a9b3ba5-d4ce-4699-9a57-9be5c922babe | status=success | template=get_total_ventes_mois | rows=0 | duration=18522.93ms | question=Quel est mon chiffre d'affaires de ce mois ?
[2026-04-22 10:32:43] uuid=317c9e4c-0ee1-41f2-8745-2f46d33e2ad1 | status=success | template=get_ca_par_trimestre | rows=2 | duration=181.35ms | question=Combien ai-je dépensé par catégorie ce trimestre ?
[2026-04-22 10:38:59] uuid=d3c5a5c2-0833-45c7-b801-17f6359ba263 | status=success | template=get_ca_par_trimestre | rows=2 | duration=181.76ms | question=Combien ai-je dépensé par catégorie ce trimestre ?
[2026-04-22 10:45:05] uuid=57a8d63e-c2f1-40ee-8380-2da00580ad65 | status=success | template=get_ca_par_trimestre | rows=2 | duration=193.22ms | question=Combien ai-je dépensé par catégorie ce trimestre ?
[2026-04-22 11:20:20] uuid=37316531-553e-4b4b-853b-31f85bac6134 | status=success | template=get_ca_par_trimestre | rows=2 | duration=186.31ms | question=Combien ai-je dépensé par catégorie ce trimestre ?
[2026-04-22 11:20:37] uuid=7a0bcb91-e5a2-48fb-98f0-916d3877dcce | status=success | template=get_factures_non_payees | rows=54 | duration=191.31ms | question=Factures non payées
[2026-04-22 11:20:44] uuid=28854496-39c8-49e7-ab99-c16d6598cf5d | status=success | template=get_factures_between | rows=200 | duration=195.01ms | question=Factures entre 2026-01-01 et 2026-02-28
[2026-04-22 11:35:22] uuid=e70904de-1e6c-4408-a512-8f30f3980259 | status=success | template=get_ca_par_trimestre | rows=2 | duration=186.58ms | question=Combien ai-je dépensé par catégorie ce trimestre ?
[2026-04-22 11:35:53] uuid=b5e9c30f-fa4b-42ce-92a8-90b147c8fcc0 | status=success | template=get_factures_non_payees | rows=54 | duration=201.73ms | question=Factures non payées
[2026-04-22 11:36:03] uuid=ff69c310-df78-4726-9e65-6c778646d444 | status=success | template=get_total_ventes_mois | rows=1 | duration=190.17ms | question=chiffre d affaires de avril 2026
[2026-04-22 11:39:19] uuid=671aa555-d061-44b7-adfa-d7c6ecf15f36 | status=success | template=get_total_ventes_mois | rows=1 | duration=187.77ms | question=chiffre d affaires de avril 2026
[2026-04-22 11:42:01] uuid=8c2f389e-947e-4aa8-b438-b6a4d549aaec | status=success | template=get_clients_multiple_commandes | rows=4 | duration=189.32ms | question=Clients avec plus de 2 commandes
[2026-04-22 11:44:52] uuid=dc447250-1102-4472-8474-7e016c54f486 | status=success | template=get_factures_non_payees | rows=54 | duration=192.36ms | question=Factures non payées
[2026-04-22 11:45:08] uuid=c253cda7-7c31-4274-b3df-1e2201879952 | status=success | template=get_produits_stock_faible | rows=87 | duration=196.27ms | question=produits avec stock inférieur à 10
[2026-04-22 11:45:20] uuid=4f04eee9-5c77-4f4e-ba39-9dbe24996496 | status=success | template=get_factures_between | rows=200 | duration=198.44ms | question=factures entre 2026-01-01 et 2026-04-22
[2026-04-22 11:57:27] uuid=e5c030a4-5e4e-4f2c-a390-ee2ad31c8e86 | status=success | template=get_ca_par_trimestre | rows=2 | duration=184.91ms | question=Combien ai-je dépensé par catégorie ce trimestre ?
[2026-04-22 11:57:42] uuid=ab118e23-870c-4e3b-829f-816306f1121f | status=success | template=get_factures_non_payees | rows=54 | duration=195.9ms | question=Quelles sont mes factures fournisseurs non payées ?
[2026-04-22 11:57:59] uuid=23ab48d7-eb4f-492f-b3b3-9a3d177a4fde | status=success | template=get_factures_non_payees | rows=54 | duration=0.42ms | question=factures non payées
[2026-04-22 11:58:08] uuid=fdd3c465-6cd2-4d58-8fbe-3a623c5fb976 | status=success | template=get_clients_multiple_commandes | rows=4 | duration=181.78ms | question=Clients avec plus de 2 commandes
[2026-04-22 11:58:52] uuid=3a033a13-ee8b-4793-a7fe-cb46c4496281 | status=success | template=get_produits_stock_faible | rows=87 | duration=199.69ms | question=Produits avec stock inférieur à 5
[2026-04-22 11:59:10] uuid=d68271d5-a57d-4a1e-879b-1583dcc6bb3e | status=success | template=get_factures_between | rows=200 | duration=201.32ms | question=factures entre 2026-01-01 et 2026-04-22
[2026-04-22 11:59:41] uuid=c08298b0-bd5f-45e4-8d92-f33fe0479def | status=success | template=get_clients_multiple_commandes | rows=4 | duration=0.36ms | question=clients avec plus de 2 commandes
[2026-04-22 12:03:19] uuid=12135bdd-35dd-44f8-b302-e895ebf17398 | status=success | template=get_factures_between | rows=200 | duration=190.82ms | question=factures entre 2026-01-01 et 2026-04-22
[2026-04-22 12:04:09] uuid=e95a8ed0-c52a-49dd-9162-5a7d3d178492 | status=success | template=get_ca_par_trimestre | rows=2 | duration=180.96ms | question=Combien ai-je dépensé par catégorie ce trimestre ?
[2026-04-22 12:04:24] uuid=d4115d2e-cc07-41b1-9ae4-fe6154a28762 | status=success | template=get_factures_between | rows=28 | duration=186.02ms | question=factures entre 2026-04-01 et 2026-04-22
[2026-04-22 12:04:31] uuid=0c15a688-7745-4846-8d45-bdd1d6142655 | status=success | template=get_clients_multiple_commandes | rows=4 | duration=180.32ms | question=clients avec plus de 2 commandes
[2026-04-22 12:04:44] uuid=6e60a251-b1bb-4c57-b405-bb1210b956dc | status=success | template=get_factures_non_payees | rows=54 | duration=188.66ms | question=Quelles sont mes factures fournisseurs non payées ?
[2026-04-22 12:08:44] uuid=6150eedf-34aa-43ab-ba32-bd15a2c4e779 | status=success | template=get_factures_non_payees | rows=54 | duration=187.21ms | question=Factures non payées
[2026-04-22 12:13:53] uuid=00a794ff-812c-4551-98ef-d29debdcc935 | status=success | template=get_factures_non_payees | rows=54 | duration=200.95ms | question=Factures non payées
[2026-04-22 12:14:42] uuid=bd5609ab-7cca-4de5-bb9a-82feb4a6d182 | status=success | template=get_produits_stock_faible | rows=87 | duration=199.85ms | question=Produits avec stock inférieur à 5
[2026-04-22 12:14:48] uuid=e33e4c79-a962-40dd-89e8-3cf508b1daa1 | status=success | template=get_factures_non_payees | rows=54 | duration=184.33ms | question=factures non payées
[2026-04-22 12:16:01] uuid=57ff1c78-b59e-45cc-a103-17fd99e6f6b8 | status=success | template=get_total_ventes_mois | rows=0 | duration=223.2ms | question=chiffre d affaires de octobre 2025
[2026-04-22 12:16:33] uuid=7e5ac9ec-a7e1-467b-a559-67edf17b5383 | status=success | template=get_total_ventes_mois | rows=0 | duration=193.75ms | question=chiffre d affaires de novembre 2025
[2026-04-22 12:17:08] uuid=d394407d-16d4-4671-8f1d-88f4cc732b15 | status=success | template=get_total_ventes_mois | rows=0 | duration=458.84ms | question=chiffre d affaires de décembre 2025
[2026-04-22 12:17:42] uuid=e46209f9-207d-48bf-bdf1-c498b1dc1193 | status=success | template=get_total_ventes_mois | rows=1 | duration=182.46ms | question=chiffre d affaires de janvier 2026
[2026-04-22 12:17:44] uuid=51ad7678-92f0-4e74-990b-0ed152c18f4e | status=success | template=get_total_ventes_mois | rows=1 | duration=196.02ms | question=chiffre d affaires de février 2026
[2026-04-22 12:17:47] uuid=cc677603-dbd1-4624-8a5a-ac134e69ad34 | status=success | template=get_total_ventes_mois | rows=1 | duration=185.53ms | question=chiffre d affaires de mars 2026
[2026-04-22 12:19:41] uuid=c1708c82-d9ea-4674-9ec8-28c0115e0f84 | status=success | template=get_total_ventes_mois | rows=1 | duration=190.95ms | question=chiffre d affaires de avril 2025
[2026-04-22 12:19:43] uuid=a2621e98-688a-4219-80cf-a1f1bca78334 | status=success | template=get_total_ventes_mois | rows=0 | duration=183.91ms | question=chiffre d affaires de mai 2025
[2026-04-22 12:20:16] uuid=ed2453a7-5ca8-4119-9b51-5cb514c428b2 | status=success | template=get_total_ventes_mois | rows=0 | duration=178.0ms | question=chiffre d affaires de juin 2025
[2026-04-22 12:20:49] uuid=b6c97b1e-9838-4310-8562-12cdae011c7d | status=success | template=get_total_ventes_mois | rows=0 | duration=182.75ms | question=chiffre d affaires de juillet 2025
[2026-04-22 12:21:20] uuid=fda5c298-6018-4ec6-90f7-cd82f09ceae8 | status=success | template=get_total_ventes_mois | rows=0 | duration=198.24ms | question=chiffre d affaires de août 2025
[2026-04-22 12:21:51] uuid=10227c9f-29ed-4e76-9e3a-675f6fdf1a85 | status=success | template=get_total_ventes_mois | rows=0 | duration=185.2ms | question=chiffre d affaires de septembre 2025
[2026-04-22 12:22:24] uuid=30872571-0ed8-43df-9ba5-552c4cd298d4 | status=success | template=get_total_ventes_mois | rows=0 | duration=182.47ms | question=chiffre d affaires de octobre 2025
[2026-04-22 12:22:54] uuid=c8cac24d-a147-49d6-891a-f7633b224de8 | status=success | template=get_total_ventes_mois | rows=0 | duration=186.21ms | question=chiffre d affaires de novembre 2025
[2026-04-22 12:23:29] uuid=e75a137c-1a39-476f-9f48-e4cf45be39e5 | status=success | template=get_total_ventes_mois | rows=0 | duration=200.39ms | question=chiffre d affaires de décembre 2025
[2026-04-22 12:24:00] uuid=b8d153b2-e85a-4524-ab15-953804232d9d | status=success | template=get_total_ventes_mois | rows=1 | duration=182.81ms | question=chiffre d affaires de janvier 2026
[2026-04-22 12:24:02] uuid=93926774-8dfc-44ac-9760-488e929b4e09 | status=success | template=get_total_ventes_mois | rows=1 | duration=201.17ms | question=chiffre d affaires de février 2026
[2026-04-22 12:24:04] uuid=e4e892fc-615c-4f04-8f24-db99e8d2090a | status=success | template=get_total_ventes_mois | rows=1 | duration=186.94ms | question=chiffre d affaires de mars 2026
[2026-04-22 12:25:40] uuid=4f5b5515-d21c-42a5-8c86-82e5fb17b8cb | status=success | template=get_produits_stock_faible | rows=100 | duration=192.82ms | question=produits avec stock inférieur à 20
[2026-04-22 12:27:03] uuid=5ce6ff4b-edfd-45aa-8c82-9261d25ec313 | status=success | template=get_produits_stock_faible | rows=100 | duration=0.43ms | question=produits avec stock inférieur à 20
[2026-04-22 12:33:41] uuid=8183f27f-3bcc-4696-9e0f-cb77926852f3 | status=success | template=get_produits_stock_faible | rows=100 | duration=184.31ms | question=produits avec stock inférieur à 20
[2026-04-22 12:35:52] uuid=244642ef-a46a-48a8-a961-cd0a9b9f4b6a | status=success | template=get_produits_stock_faible | rows=100 | duration=183.95ms | question=produits avec stock inférieur à 20
[2026-04-22 12:38:10] uuid=cd8970bc-d8fa-4e7a-a4a2-9e189016db8d | status=success | template=get_produits_stock_faible | rows=100 | duration=188.54ms | question=produits avec stock inférieur à 20
[2026-04-22 12:41:52] uuid=115a29d9-8a09-477f-9411-bb0d9a9b02f8 | status=success | template=get_total_ventes_mois | rows=1 | duration=184.41ms | question=chiffre d affaires de avril 2025
[2026-04-22 12:41:55] uuid=481ef928-daf6-440d-8162-4db4de299922 | status=success | template=get_total_ventes_mois | rows=0 | duration=185.83ms | question=chiffre d affaires de mai 2025
[2026-04-22 12:41:57] uuid=9a8eb7f9-1991-4022-8802-288f71c6662f | status=success | template=get_total_ventes_mois | rows=1 | duration=0.31ms | question=chiffre d affaires de avril 2025
[2026-04-22 12:41:59] uuid=d5d18253-c81a-4106-adb2-e0550e329917 | status=success | template=get_total_ventes_mois | rows=0 | duration=0.35ms | question=chiffre d affaires de mai 2025
[2026-04-22 12:42:46] uuid=558828f0-5026-444b-a0c9-cdf869102351 | status=success | template=get_total_ventes_mois | rows=0 | duration=189.69ms | question=chiffre d affaires de juin 2025
[2026-04-22 12:43:18] uuid=a4e057a0-c360-45a1-83b0-bbdd5acd4685 | status=success | template=get_total_ventes_mois | rows=0 | duration=187.43ms | question=chiffre d affaires de juillet 2025
[2026-04-22 12:43:52] uuid=1a44f4e8-c87b-4af0-a8f7-34783c37141d | status=success | template=get_total_ventes_mois | rows=0 | duration=180.86ms | question=chiffre d affaires de août 2025
[2026-04-22 12:44:24] uuid=1cf3323c-20b8-48fc-a593-ea99b1f40fd3 | status=success | template=get_total_ventes_mois | rows=0 | duration=186.1ms | question=chiffre d affaires de septembre 2025
[2026-04-22 12:44:59] uuid=8b94a6e6-e99c-4586-a39f-e0b0be4ce5f4 | status=success | template=get_total_ventes_mois | rows=0 | duration=505.44ms | question=chiffre d affaires de octobre 2025
[2026-04-22 12:45:30] uuid=1b0d4271-7713-4149-9519-5ae848625321 | status=success | template=get_total_ventes_mois | rows=0 | duration=179.91ms | question=chiffre d affaires de novembre 2025
[2026-04-22 12:46:02] uuid=31519d84-cc0e-46cd-be6c-b4b34d42aa5c | status=success | template=get_total_ventes_mois | rows=0 | duration=188.09ms | question=chiffre d affaires de décembre 2025
[2026-04-22 12:46:35] uuid=f27280b3-cd86-46dc-a839-a88c9aa934ae | status=success | template=get_total_ventes_mois | rows=1 | duration=186.07ms | question=chiffre d affaires de janvier 2026
[2026-04-22 12:46:37] uuid=9e0a1f18-ac5a-456c-80f0-8f2eee7ef54a | status=success | template=get_total_ventes_mois | rows=1 | duration=182.0ms | question=chiffre d affaires de février 2026
[2026-04-22 12:46:39] uuid=bf860652-37af-4ff5-9a3f-cbdde0aa70f7 | status=success | template=get_total_ventes_mois | rows=1 | duration=191.19ms | question=chiffre d affaires de mars 2026
[2026-04-22 12:48:31] uuid=f53dcbdf-1b73-41f3-98a1-f33fc67deadf | status=success | template=get_commandes_par_mois | rows=1 | duration=188.04ms | question=Combien de commandes ont été passées en mars 2026 ?
[2026-04-22 12:49:02] uuid=73bca5b5-8e11-4cd1-ab61-60c25a801589 | status=success | template=get_total_ventes_mois | rows=0 | duration=12839.99ms | question=Quel est mon chiffre d'affaires de ce mois ?
[2026-04-22 12:50:28] uuid=27e6ece8-75bd-4e85-bb82-0c4db953392b | status=success | template=get_factures_par_client | rows=0 | duration=189.8ms | question=Quel est le montant total des factures émises par client en 2026 ?
[2026-04-22 14:42:14] uuid=db03a59d-70d2-43ca-a8ce-a957a63afbca | status=success | template=get_ca_par_trimestre | rows=2 | duration=181.27ms | question=Combien ai-je dépensé par catégorie ce trimestre ?
[2026-04-22 14:42:26] uuid=5abf3615-ad75-4246-8292-938ee9601675 | status=success | template=get_factures_non_payees | rows=55 | duration=188.88ms | question=Quelles sont mes factures fournisseurs non payées ?
[2026-04-22 14:42:42] uuid=36384ebe-c90a-4790-b118-9fb467929f11 | status=success | template=get_factures_between | rows=200 | duration=192.21ms | question=factures entre 2026-01-01 et 2026-04-22
[2026-04-22 14:43:16] uuid=0594b14a-a9b4-4659-ad3d-8c259a57a492 | status=success | template=get_factures_non_payees | rows=55 | duration=20328.58ms | question=Clients avec des factures non payées depuis plus de 30 jours
[2026-04-22 14:45:54] uuid=9e5c5aa8-f137-4aaa-855b-94570c6cccce | status=success | template=get_factures_non_payees | rows=55 | duration=12743.38ms | question=Clients avec des factures non payées depuis plus de 30 jours
[2026-04-22 14:48:26] uuid=6c9f8844-47c0-4c2d-95c9-32b9938347b8 | status=success | template=get_factures_non_payees | rows=55 | duration=185.19ms | question=Factures non payées
[2026-04-22 14:48:34] uuid=fef49e22-0e8f-41ba-b13c-8b043a4b23d0 | status=success | template=get_produits_stock_faible | rows=97 | duration=187.79ms | question=Produits avec stock inférieur à 5
[2026-04-22 14:49:12] uuid=5c4f823e-f38d-4cfb-8479-0cfd921e1df7 | status=success | template=get_total_ventes_mois | rows=0 | duration=11655.54ms | question=Quel est mon chiffre d'affaires de ce mois ?
[2026-04-22 14:49:41] uuid=99f587e0-91bd-47eb-a224-f1998a0f1b25 | status=success | template=get_factures_non_payees | rows=55 | duration=14090.35ms | question=Clients avec des factures non payées depuis plus de 30 jours
[2026-04-22 14:51:21] uuid=85380f83-c6b2-4195-9da5-5b08f1b85bf1 | status=success | template=get_produits_stock_faible | rows=97 | duration=0.45ms | question=Produits avec stock inférieur à 5
[2026-04-22 14:51:28] uuid=8f250945-b17c-49fd-8fa2-433ee30655b7 | status=success | template=get_factures_between | rows=200 | duration=183.78ms | question=Factures entre 2026-01-01 et 2026-02-28
[2026-04-22 14:51:39] uuid=adb3ae64-3e9f-4803-b8bc-00c65874d2ac | status=success | template=get_clients_multiple_commandes | rows=4 | duration=186.88ms | question=Clients avec plus de 2 commandes
[2026-04-22 14:51:46] uuid=260d5127-a2dc-4cc9-9534-c51c03a59769 | status=success | template=get_top_clients_ca | rows=11 | duration=201.9ms | question=Quels sont mes meilleurs clients par CA en 2026 ?
[2026-04-22 14:55:42] uuid=8de7730f-9cf6-417c-b93e-a8a92c235c43 | status=success | template=get_factures_non_payees | rows=55 | duration=17958.75ms | question=Clients avec des factures non payées depuis plus de 30 jours
[2026-04-22 15:19:52] uuid=a22afd66-41d6-450c-acbb-7270c12f45e2 | status=success | template=get_factures_non_payees | rows=55 | duration=18267.95ms | question=Clients avec des factures non payées depuis plus de 30 jours
[2026-04-22 15:29:24] uuid=30841894-a9f3-4040-8329-35b61663fd69 | status=success | template=get_clients_multiple_commandes | rows=4 | duration=456.07ms | question=Clients avec plus de 2 commandes
[2026-04-22 15:29:32] uuid=716250f3-dfcb-4916-933c-d0feab372d36 | status=success | template=get_ca_par_trimestre | rows=2 | duration=401.08ms | question=Combien ai-je dépensé par catégorie ce trimestre ?
[2026-04-23 13:20:37] uuid=897a51ab-92de-422c-bcc0-1759e1701231 | status=success | template=get_factures_non_payees | rows=54 | duration=2230.72ms | question=factures non payées
[2026-04-23 13:27:13] uuid=2806caa2-4a93-4020-b541-d68509bfd809 | status=success | template=get_factures_non_payees | rows=54 | duration=1175.13ms | question=factures non payées
[2026-04-23 13:29:35] uuid=fc684ce4-6b5e-46ab-b0f1-c057a43b7be0 | status=success | template=get_produits_stock_faible | rows=97 | duration=3279.2ms | question=Produits dont le stock est inférieur à un seuil donné
[2026-04-23 13:29:59] uuid=082c87b8-10c0-4004-8887-a0dd13d0aaec | status=success | template=get_commandes_par_mois | rows=1 | duration=2686.51ms | question=Nombre et total des commandes pour un mois donné
[2026-04-23 13:30:15] uuid=bca2cd48-e251-4bb9-bcf0-088571f84b3c | status=success | template=get_top_clients_ca | rows=5 | duration=3571.13ms | question=Top N clients avec le chiffre d'affaires le plus élevé
[2026-04-23 13:30:37] uuid=a8dbfe55-9f8a-458f-b9f7-078d45c4f7ba | status=success | template=get_factures_par_client | rows=0 | duration=1640.65ms | question=Factures d’un client avec total HT et TTC
[2026-04-23 14:04:21] uuid=9dcec268-ab46-4dd1-a563-4781fcf23c8f | status=success | template=get_clients_multiple_commandes | rows=8 | duration=27373.12ms | question=quels clients ont commandé en janvier mais pas en février 2026 ?
[2026-04-23 14:04:39] uuid=b46991ab-40e8-4ec0-a6a7-ea089fdbd5eb | status=success | template=get_ca_par_trimestre | rows=2 | duration=463.99ms | question=quel est le chiffre d affaires total par trimestre en 2026 ?
[2026-04-23 14:04:48] uuid=3c29442d-bdc4-453c-9701-1ee260bfbaec | status=success | template=get_top_produits_commandes | rows=3 | duration=516.36ms | question=donne moi le top 3 des produits les plus commandés
[2026-04-23 14:04:56] uuid=acd5f21e-aef9-429b-8e21-a07692603337 | status=success | template=get_factures_par_client | rows=0 | duration=452.7ms | question=quel est le montant total des factures émises par client en 2026 ?
[2026-04-23 14:07:18] uuid=9da21213-0175-4bb0-b0c6-07cd931fb8a6 | status=success | template=get_factures_non_payees | rows=54 | duration=583.67ms | question=factures non payées
[2026-04-23 14:51:41] uuid=4d48decf-4eb1-4e70-aecf-dc1aa55d5966 | status=success | template=get_factures_between | rows=29 | duration=195.99ms | question=factures entre 2026-04-01 et 2026-04-23
[2026-04-23 15:09:53] uuid=b933b84a-71cb-4cb0-a98a-c074d95bfefd | status=success | template=get_commandes_par_mois | rows=1 | duration=181.74ms | question=Combien de commandes ont été passées en mars 2026 ?
[2026-04-23 15:19:18] uuid=e6998910-3b9b-4df1-9f3a-edc96c558e3d | status=success | template=get_clients_multiple_commandes | rows=3 | duration=176.59ms | question=Quels clients ont passé plus de 3 commandes ?
[2026-04-23 16:15:43] uuid=29d8a73d-1312-4d54-9a32-b6933420cbed | status=success | template=get_clients_multiple_commandes | rows=2 | duration=533.77ms | question=Quels clients ont passé plus de 4 commandes ?
[2026-04-23 16:16:18] uuid=89193ad7-d763-4522-9b5a-6cb65f0760fd | status=success | template=get_factures_non_payees | rows=54 | duration=420.24ms | question=factures non payées
[2026-04-23 16:16:42] uuid=7f7fadf3-55cd-4090-9ae2-8130d1c6a680 | status=success | template=get_factures_par_client | rows=0 | duration=403.41ms | question=quel est le montant total des factures émises par client en 2026 ?
[2026-04-23 16:18:10] uuid=d0d69f49-cb97-443b-bad3-dcab9bdf88e8 | status=success | template=get_factures_non_payees | rows=54 | duration=378.46ms | question=factures non payées
[2026-05-06 08:41:10] uuid=e58f27a8-b0d9-45d4-a41b-62e2af0b4d57 | status=success | template=get_produits_stock_faible | rows=100 | duration=183.67ms | question=Produits dont le stock est inférieur à un seuil donné
[2026-05-06 08:41:31] uuid=ec3a299d-d853-4b68-a49d-846b399ca2dc | status=success | template=get_commandes_par_mois | rows=0 | duration=190.87ms | question=Nombre et total des commandes pour un mois donné
[2026-05-06 08:42:37] uuid=f5b5fa8e-1119-4467-b25f-dc7bcd38fec5 | status=success | template=get_top_clients_ca | rows=5 | duration=181.13ms | question=Top N clients avec le chiffre d'affaires le plus élevé
[2026-05-06 08:42:53] uuid=045e9cf6-688c-4f4f-85a8-8e386fad2bf2 | status=success | template=get_factures_par_client | rows=0 | duration=185.17ms | question=Factures d’un client avec total HT et TTC
[2026-05-06 08:44:27] uuid=e16c35a3-f946-44c4-ad9d-33e48f1a9cf8 | status=success | template=get_produits_non_commandes | rows=100 | duration=10232.41ms | question=Produits qui n'ont jamais été commandés
[2026-05-06 08:46:02] uuid=a4212ab2-6ed7-473d-8f34-698179d24efd | status=success | template=get_total_ventes_mois | rows=0 | duration=12728.5ms | question=Évolution mensuelle du chiffre d'affaires avec taux de croissance
[2026-05-06 08:56:56] uuid=7ebd816f-a855-44bb-a3a1-faed0f6cfe9f | status=success | template=get_commandes_par_mois | rows=0 | duration=186.1ms | question=Nombre et total des commandes pour un mois donné
[2026-05-06 08:58:50] uuid=60d62196-79b6-478b-a11b-118fc4625a9a | status=success | template=get_commandes_par_mois | rows=0 | duration=0.19ms | question=Nombre et total des commandes pour un mois donné
[2026-05-06 09:10:14] uuid=8c1dd85f-bb6b-4245-ab9c-e778f4bcc07e | status=success | template=get_commandes_par_mois | rows=1 | duration=182.47ms | question=Nombre et total des commandes pour mars
[2026-05-06 09:11:24] uuid=45a33fef-d0a5-40df-8616-46693eafcd5c | status=success | template=get_factures_par_client | rows=4 | duration=15334.75ms | question=Factures de mondher avec total HT et TTC
[2026-05-06 09:12:04] uuid=c6fd406e-f061-4c53-a193-96b906a06c57 | status=success | template=get_top_clients_ca | rows=5 | duration=190.34ms | question=Top 5 clients avec le chiffre d'affaires le plus élevé
[2026-05-06 09:28:02] uuid=e8c743af-542f-4517-8855-b171b1dc4e5c | status=success | template=get_average_order_value_by_client | rows=10 | duration=183.21ms | question=Valeur moyenne des commandes par client
[2026-05-06 09:28:35] uuid=2173e0dd-7c3a-4984-bce1-3799620377f9 | status=success | template=get_total_ventes_mois | rows=1 | duration=179.86ms | question=chiffre d affaires de mai 2025
[2026-05-06 09:28:37] uuid=9b6c117b-5ef3-444e-a8e8-0b74b6554c76 | status=success | template=get_total_ventes_mois | rows=0 | duration=182.32ms | question=chiffre d affaires de juin 2025
[2026-05-06 09:29:07] uuid=885d58b0-b0cb-49e4-9d85-50a42d9f9549 | status=success | template=get_total_ventes_mois | rows=0 | duration=222.0ms | question=chiffre d affaires de juillet 2025
[2026-05-06 09:29:42] uuid=2355c4a5-f657-4a7e-bbef-9a69aea26343 | status=success | template=get_total_ventes_mois | rows=0 | duration=198.63ms | question=chiffre d affaires de août 2025
[2026-05-06 09:30:16] uuid=55bab226-4b16-4ffb-b302-90cf72e1fe8b | status=success | template=get_total_ventes_mois | rows=0 | duration=178.39ms | question=chiffre d affaires de septembre 2025
[2026-05-06 09:30:55] uuid=d8366bf6-e1ce-4fc2-bdbd-16f5f47a193e | status=success | template=get_total_ventes_mois | rows=0 | duration=183.8ms | question=chiffre d affaires de octobre 2025
[2026-05-06 09:31:25] uuid=bfbe2bf1-6e44-460c-8f94-755b97760c83 | status=success | template=get_total_ventes_mois | rows=0 | duration=191.42ms | question=chiffre d affaires de novembre 2025
[2026-05-06 09:32:01] uuid=3c4b9a4c-701d-4338-8fa1-d8fd020b8307 | status=success | template=get_total_ventes_mois | rows=0 | duration=182.58ms | question=chiffre d affaires de décembre 2025
[2026-05-06 09:32:41] uuid=7e7f54d9-0a10-486d-8bbb-320bbbeb8fd1 | status=success | template=get_total_ventes_mois | rows=1 | duration=185.21ms | question=chiffre d affaires de janvier 2026
[2026-05-06 09:32:43] uuid=d6b63468-bdaf-4a07-b7ae-52735ba27c32 | status=success | template=get_total_ventes_mois | rows=1 | duration=188.81ms | question=chiffre d affaires de février 2026
[2026-05-06 09:32:45] uuid=750ae01f-e70c-478a-a42f-54b672e6ae0e | status=success | template=get_total_ventes_mois | rows=1 | duration=187.77ms | question=chiffre d affaires de mars 2026
[2026-05-06 09:32:47] uuid=0b2c62da-c5e1-4a53-af57-02415142bfd9 | status=success | template=get_total_ventes_mois | rows=1 | duration=181.98ms | question=chiffre d affaires de avril 2026
[2026-05-06 09:34:05] uuid=1410311c-320e-4e37-ba24-5fca1d0c7090 | status=success | template=get_produits_stock_faible | rows=100 | duration=184.9ms | question=produits avec stock inférieur à 20
[2026-05-06 09:34:24] uuid=030431a2-a66e-440f-89ab-8e8e23101f04 | status=success | template=commandes_par_mois | rows=0 | duration=179.88ms | question=clients avec plus de 2 commandes
[2026-05-06 09:45:20] uuid=aff8a7b4-ce47-4688-bd15-9b99f2b9c3bb | status=success | template=produits_non_commandes | rows=10 | duration=487.6ms | question=Quels sont les produits les plus rentables ?
[2026-05-06 09:49:29] uuid=017cbde7-d304-46c6-b888-a78679b9442f | status=success | template=produits_non_commandes | rows=10 | duration=424.56ms | question=produits générant le plus de CA.
[2026-05-06 10:08:52] uuid=7ac04344-395c-4117-91f0-a5858de1d275 | status=success | template=get_total_ventes_mois | rows=0 | duration=17125.86ms | question=produits générant le plus de CA
[2026-05-06 10:09:35] uuid=e12d7bd8-1571-47e4-8fed-0f592faba6d4 | status=success | template=get_total_ventes_mois | rows=0 | duration=18356.49ms | question=produits générant le plus de chiffre d'affaire
[2026-05-06 10:18:56] uuid=a983f242-9fa4-4716-9860-4ec710c8c530 | status=success | template=get_total_ventes_mois | rows=0 | duration=20048.77ms | question=produits générant le plus de chiffre d'affaire
[2026-05-06 10:24:47] uuid=354bf094-f8fa-4e3d-9c8d-e6e81e61e905 | status=success | template=get_produits_stock_faible | rows=100 | duration=490.34ms | question=Produits dont le stock est inférieur à u10
[2026-05-06 10:25:12] uuid=714e20b0-601d-4aa3-adee-b1d2094c7d0e | status=success | template=get_commandes_par_mois | rows=1 | duration=418.37ms | question=Nombre et total des commandes pour avril
[2026-05-06 10:25:41] uuid=f2833cd8-7dfa-49be-8479-406309282776 | status=success | template=get_top_clients_ca | rows=3 | duration=402.81ms | question=Top 3 clients avec le chiffre d'affaires le plus élevé
[2026-05-06 10:26:16] uuid=b59fdd31-b70a-4699-883a-7059b4b54a18 | status=success | template=get_factures_par_client | rows=4 | duration=16864.48ms | question=Factures de mondher avec total HT et TTC
[2026-05-06 10:26:34] uuid=04b3da6f-5712-47f2-894f-9af87289984b | status=success | template=get_commandes_par_mois | rows=0 | duration=179.7ms | question=Produits qui n'ont jamais été commandés
[2026-05-06 10:27:40] uuid=098c2595-461e-4b47-8c2d-eba42d69543e | status=success | template=get_average_order_value_by_client | rows=10 | duration=179.93ms | question=Valeur moyenne des commandes par client
[2026-05-06 10:28:26] uuid=a063c567-aa8b-4ab3-b4eb-de21adbd7b68 | status=success | template=get_total_ventes_mois | rows=0 | duration=12544.36ms | question=Évolution mensuelle du chiffre d'affaires avec taux de croissance
[2026-05-06 10:31:16] uuid=4ba75324-307e-41d1-9c97-5964a5ad2b61 | status=success | template=get_total_ventes_mois | rows=0 | duration=17502.9ms | question=produits générant le plus de CA.
[2026-05-06 10:32:58] uuid=f92feecf-9a6f-499b-9deb-cbaecc8cb720 | status=success | template=get_factures_par_client | rows=0 | duration=315.92ms | question=Factures du client mondher avec total HT et TTC
[2026-05-06 10:33:53] uuid=6e92e969-c2f3-4658-b885-f12e1395b465 | status=success | template=get_factures_par_client | rows=4 | duration=13165.6ms | question=Factures de mondher avec total HT et TTC
[2026-05-06 10:35:39] uuid=3e566d12-ed8b-43fa-82a0-635c15699f03 | status=success | template=get_produits_stock_faible | rows=100 | duration=184.12ms | question=Produits dont le stock est inférieur à 2
[2026-05-06 10:35:52] uuid=7438f88c-28d4-4a3f-8d90-5ca293ded8c0 | status=success | template=get_produits_stock_faible | rows=100 | duration=184.93ms | question=Produits dont le stock est inférieur à -10
[2026-05-06 10:36:16] uuid=b26ec0e9-88aa-4382-bfc7-c69f35c1c70e | status=success | template=get_produits_stock_faible | rows=31 | duration=181.76ms | question=Produits dont le stock est supérieur à 0
[2026-05-06 10:37:12] uuid=43a5fb02-847c-4a87-a437-945973319b64 | status=success | template=get_commandes_par_mois | rows=1 | duration=181.55ms | question=Nombre et total des commandes pour janvier
[2026-05-06 10:37:23] uuid=a6e99a04-6909-48b8-b120-0a1d34e4b8e8 | status=success | template=get_commandes_par_mois | rows=1 | duration=190.38ms | question=Nombre et total des commandes pour mars
[2026-05-06 10:37:56] uuid=f6e8a505-7a7e-41ba-9989-d022248a63f6 | status=success | template=get_top_clients_ca | rows=3 | duration=186.19ms | question=Top 3 clients avec le chiffre d'affaires le plus élevé
[2026-05-06 10:38:03] uuid=6058737c-0a59-4086-9f71-0d1d50a0791b | status=success | template=get_top_clients_ca | rows=6 | duration=182.0ms | question=Top 6 clients avec le chiffre d'affaires le plus élevé
[2026-05-06 10:38:23] uuid=42ed2eb3-3e42-4ab8-8e3c-f8742fa8bab5 | status=success | template=get_commandes_par_mois | rows=0 | duration=180.11ms | question=Produits qui n'ont jamais été commandés
[2026-05-06 10:38:51] uuid=e94829eb-c3d3-4d08-afc6-3beb93a3ecc6 | status=success | template=get_average_order_value_by_client | rows=10 | duration=185.09ms | question=Valeur moyenne des commandes par client
[2026-05-06 10:39:37] uuid=8414f51a-ff6d-4acf-9d97-7cfa5b142b69 | status=success | template=get_total_ventes_mois | rows=0 | duration=16720.42ms | question=Évolution mensuelle du chiffre d'affaires avec taux de croissance
[2026-05-06 10:39:49] uuid=b04629ad-c0e7-4c48-837e-3318bbc72fb4 | status=success | template=get_total_ventes_mois | rows=0 | duration=28476.3ms | question=Évolution mensuelle du chiffre d'affaires avec taux de croissance
[2026-05-06 10:41:08] uuid=3b042d89-1f23-4a8f-b98f-69ddc6959df8 | status=success | template=get_total_ventes_mois | rows=0 | duration=14340.76ms | question=produits générant le plus de CA.
[2026-05-06 11:55:50] uuid=4f03871a-1756-4215-b41e-02f7c8431ef7 | status=success | template=get_commandes_par_mois | rows=0 | duration=183.98ms | question=Produits qui n'ont jamais été commandés
[2026-05-06 14:55:08] uuid=1e48163f-fc81-405f-a931-fa7982a6f710 | status=success | template=get_factures_non_payees | rows=84 | duration=187.76ms | question=Factures non payées
[2026-05-06 14:55:17] uuid=a38e9c69-d739-4e94-8c83-580396fa5bf6 | status=success | template=get_clients_multiple_commandes | rows=4 | duration=185.93ms | question=Clients avec plus de 2 commandes
[2026-05-06 14:55:29] uuid=7fe3a74e-529d-4b38-af6c-5fc413f1d8c4 | status=success | template=get_factures_between | rows=200 | duration=186.54ms | question=Factures entre 2026-01-01 et 2026-02-28
[2026-05-06 14:55:41] uuid=346e590c-b1e2-4a2c-a0a5-d5f5af555449 | status=success | template=get_factures_non_payees | rows=84 | duration=0.33ms | question=Factures non payées
[2026-05-06 14:55:46] uuid=c5512a1e-f99a-4061-b958-87e7c48206e0 | status=success | template=get_produits_stock_faible | rows=100 | duration=184.02ms | question=Produits avec stock inférieur à 5
[2026-05-06 14:55:53] uuid=0d7defcf-4017-4144-95f8-4385dc89037b | status=success | template=get_clients_multiple_commandes | rows=4 | duration=0.48ms | question=Clients avec plus de 2 commandes
[2026-05-06 14:56:05] uuid=d3fab3a5-fb99-4e74-9ad7-46e9b7dd48f0 | status=success | template=get_clients_multiple_commandes | rows=2 | duration=181.83ms | question=Clients avec plus de 6 commandes
[2026-05-06 14:56:12] uuid=e9f46171-d719-4478-82ab-98c7cce11b9d | status=success | template=get_total_ventes_mois | rows=1 | duration=179.45ms | question=Chiffre d'affaires de janvier 2026
[2026-05-06 14:57:08] uuid=d5b968f2-98ef-4b17-a095-6924c2ac8a0c | status=success | template=get_factures_non_payees | rows=84 | duration=191.75ms | question=Quelles sont mes factures fournisseurs non payées ?
[2026-05-06 15:02:31] uuid=246ee258-ddfb-4b36-b94e-49012e601c12 | status=success | template=get_total_ventes_mois | rows=1 | duration=598.06ms | question=Chiffre d'affaires de janvier 2026
[2026-05-06 15:02:41] uuid=f9ae2b4c-6aa9-47d9-a21e-03991b4b71c3 | status=success | template=get_clients_multiple_commandes | rows=4 | duration=0.56ms | question=Clients avec plus de 2 commandes
[2026-05-06 15:02:46] uuid=172ca7ca-35c8-4c71-811d-cc6942fbc74c | status=success | template=get_produits_stock_faible | rows=100 | duration=0.4ms | question=Produits avec stock inférieur à 5
[2026-05-06 15:03:02] uuid=2479b6c9-6649-4b1a-85e3-f15201fd26b5 | status=success | template=get_factures_non_payees | rows=84 | duration=194.64ms | question=Factures non payées
[2026-05-06 15:03:16] uuid=a1aa0d93-6300-4e3a-8c6a-bf8cc7da6254 | status=success | template=get_factures_between | rows=200 | duration=184.45ms | question=Factures entre 2026-01-01 et 2026-02-28
[2026-05-06 15:03:25] uuid=6cfb4cfc-0895-4fc2-a648-ffeb91fbb091 | status=success | template=get_factures_negatives | rows=31 | duration=187.49ms | question=Factures négatives
[2026-05-06 15:03:39] uuid=df6b550a-aa9f-49e7-b225-c24fd2a783b6 | status=success | template=get_factures_non_payees | rows=84 | duration=0.43ms | question=Factures non payées
[2026-05-06 15:03:49] uuid=53405921-4a27-4175-b0a7-e57a1c7ebdac | status=success | template=get_factures_partiellement_payees | rows=7 | duration=185.13ms | question=Factures partiellement payées
[2026-05-06 15:04:24] uuid=c5ff6e1e-c316-4c00-9a67-315c1375cab1 | status=success | template=get_top_produits_commandes | rows=3 | duration=182.5ms | question=Donne moi le top 3 des produits les plus commandés
[2026-05-06 15:05:10] uuid=70678508-ae4b-4a40-ae23-28c94de07b53 | status=success | template=get_total_ventes_mois | rows=0 | duration=17914.35ms | question=Combien ai-je dépensé par catégorie ce mois?
[2026-05-06 15:07:51] uuid=485efe2d-0357-4dbf-819d-0206a0f3d3a8 | status=success | template=get_produits_non_commandes | rows=100 | duration=9037.46ms | question=Produits qui n'ont jamais été commandés
[2026-05-06 15:32:06] uuid=216f9a13-9262-4bdd-9a5e-9a854445ac34 | status=success | template=get_factures_non_payees | rows=86 | duration=629.63ms | question=Factures non payées
[2026-05-07 12:07:12] uuid=4a899ec3-e392-40e1-aff2-3575792f2bda | status=success | template=get_factures_non_payees | rows=93 | duration=515.06ms | question=Factures non payées
[2026-05-07 12:08:14] uuid=0b8fc2a1-e531-4ac9-8d72-e0a72faa0986 | status=success | template=get_clients_multiple_commandes | rows=5 | duration=430.88ms | question=Clients avec plus de 2 commandes
[2026-05-07 12:08:30] uuid=94aef506-2c0c-48c0-94a4-45e9653628fa | status=success | template=get_produits_stock_faible | rows=100 | duration=472.1ms | question=Produits avec stock inférieur à 5
[2026-05-07 12:09:18] uuid=81b8ff33-3bd6-4883-87b5-6fa43e0838f4 | status=success | template=get_produits_stock_faible | rows=100 | duration=1.4ms | question=Produits avec stock inférieur à 5
[2026-05-07 12:09:28] uuid=8e4b0a32-6ea3-4b14-af14-e17cc93eaa91 | status=success | template=get_clients_multiple_commandes | rows=5 | duration=1.55ms | question=Clients avec plus de 2 commandes
[2026-05-07 12:09:35] uuid=25977a56-979c-4aea-a4a3-d1b50c6c82db | status=success | template=get_factures_non_payees | rows=91 | duration=327.77ms | question=Factures non payées
[2026-05-07 12:11:34] uuid=11618d1e-e6c1-46b3-8a0c-79b67133766f | status=success | template=get_factures_partiellement_payees | rows=8 | duration=454.15ms | question=Quelles sont mes factures fournisseurs partiellement payées ?
[2026-05-07 12:12:10] uuid=75807939-1880-48f6-9641-2f3f39c4ba9e | status=success | template=get_factures_between | rows=200 | duration=611.25ms | question=Factures entre 2026-01-01 et 2026-04-30
[2026-05-07 12:12:39] uuid=26c5f040-6ae0-47f4-8fae-0333ff1c18fc | status=success | template=get_produits_stock_faible | rows=100 | duration=478.84ms | question=Quels produits ont un stock inférieur à 3 ?
[2026-05-08 12:30:05] uuid=f407338b-f293-4987-9e77-7bbb5cd0ae0f | status=success | template=get_factures_non_payees | rows=93 | duration=195.55ms | question=Factures non payées
[2026-05-08 12:30:37] uuid=84e98139-7af9-4532-90a3-f0eeb905005b | status=success | template=get_factures_between | rows=200 | duration=242.08ms | question=Factures entre 2026-01-01 et 2026-02-28
[2026-05-08 12:30:45] uuid=03585b3c-1e12-4034-8a98-731a0a40d43e | status=success | template=get_produits_stock_faible | rows=100 | duration=190.94ms | question=Produits avec stock inférieur à 5
[2026-05-08 12:30:57] uuid=2b0deb5e-e92b-496f-a55b-ed1cf1fcc170 | status=success | template=get_clients_multiple_commandes | rows=5 | duration=185.48ms | question=Clients avec plus de 2 commandes
[2026-05-08 12:31:03] uuid=5e24f976-f2a3-4cf2-9370-5f45bb4cba72 | status=success | template=get_total_ventes_mois | rows=1 | duration=187.57ms | question=Chiffre d'affaires de janvier 2026
